子系统,文件,文件职责,当前状态,剩余功能/缺口,依赖或阻塞,优先级,备注
docs,README.md,仓库总说明,文档/脚本支撑,需持续与真实实现保持同步，不能替代逐模块验收结论,文档需随实现持续更新,P3,入口说明
docs,docs/README.md,docs 目录说明,文档/脚本支撑,仍需持续跟随当前审计与验收结构演进,文档维护,P3,文档索引
docs,docs/spec/00-product-overview.md,规格/计划文档,部分完成,文档记录的能力仍有待验证/待补项，需继续推动对应实现或验收闭环,对应业务能力尚未完全完成,P1,文档类文件
docs,docs/spec/01-status-taxonomy.md,规格/计划文档,部分完成,文档记录的能力仍有待验证/待补项，需继续推动对应实现或验收闭环,对应业务能力尚未完全完成,P1,文档类文件
docs,docs/spec/02-domain-model-overview.md,规格/计划文档,部分完成,文档记录的能力仍有待验证/待补项，需继续推动对应实现或验收闭环,对应业务能力尚未完全完成,P1,文档类文件
docs,docs/spec/10-auth-and-tenant.md,规格/计划文档,文档/脚本支撑,需持续与真实实现、验收结论和部署现状同步,文档维护需跟随代码与验收推进,P3,文档类文件
docs,docs/spec/20-product-domain.md,规格/计划文档,文档/脚本支撑,需持续与真实实现、验收结论和部署现状同步,文档维护需跟随代码与验收推进,P3,文档类文件
docs,docs/spec/21-partner-domain.md,规格/计划文档,文档/脚本支撑,需持续与真实实现、验收结论和部署现状同步,文档维护需跟随代码与验收推进,P3,文档类文件
docs,docs/spec/22-sales-domain.md,规格/计划文档,文档/脚本支撑,需持续与真实实现、验收结论和部署现状同步,文档维护需跟随代码与验收推进,P3,文档类文件
docs,docs/spec/23-purchase-domain.md,规格/计划文档,文档/脚本支撑,需持续与真实实现、验收结论和部署现状同步,文档维护需跟随代码与验收推进,P3,文档类文件
docs,docs/spec/24-finance-domain.md,规格/计划文档,部分完成,文档记录的能力仍有待验证/待补项，需继续推动对应实现或验收闭环,对应业务能力尚未完全完成,P1,文档类文件
docs,docs/spec/25-inventory-domain.md,规格/计划文档,文档/脚本支撑,需持续与真实实现、验收结论和部署现状同步,文档维护需跟随代码与验收推进,P3,文档类文件
docs,docs/spec/26-membership-domain.md,规格/计划文档,文档/脚本支撑,需持续与真实实现、验收结论和部署现状同步,文档维护需跟随代码与验收推进,P3,文档类文件
docs,docs/spec/27-media-attachments-domain.md,规格/计划文档,部分完成,文档记录的能力仍有待验证/待补项，需继续推动对应实现或验收闭环,对应业务能力尚未完全完成,P1,文档类文件
docs,docs/spec/28-agent-domain.md,规格/计划文档,文档/脚本支撑,需持续与真实实现、验收结论和部署现状同步,文档维护需跟随代码与验收推进,P3,文档类文件
docs,docs/spec/29-sync-import-migration.md,规格/计划文档,部分完成,文档记录的能力仍有待验证/待补项，需继续推动对应实现或验收闭环,对应业务能力尚未完全完成,P1,文档类文件
docs,docs/spec/30-api-contracts.md,规格/计划文档,部分完成,文档记录的能力仍有待验证/待补项，需继续推动对应实现或验收闭环,对应业务能力尚未完全完成,P1,文档类文件
docs,docs/spec/31-android-impact.md,规格/计划文档,部分完成,文档记录的能力仍有待验证/待补项，需继续推动对应实现或验收闭环,对应业务能力尚未完全完成,P1,文档类文件
docs,docs/spec/32-rollout-and-compatibility.md,规格/计划文档,部分完成,文档记录的能力仍有待验证/待补项，需继续推动对应实现或验收闭环,对应业务能力尚未完全完成,P1,文档类文件
docs,docs/spec/40-batch-development-master-plan.md,总开发批次主计划文档,部分完成,仍包含大量待验证/待验收项，是当前剩余工作的总索引,真机、联调、发布、RBAC、AI 等多项未完成,P0,总计划基线
docs,docs/spec/41-b11-acceptance-matrix.md,规格/计划文档,部分完成,文档记录的能力仍有待验证/待补项，需继续推动对应实现或验收闭环,对应业务能力尚未完全完成,P1,文档类文件
docs,docs/spec/42-android-liquid-glass-ui-refactor-plan.md,Android UI 重构基线文档,部分完成,仍保留待设备复核、采购退货、库存盘点、采购入库等合同缺口,真机比对与后端合同补齐,P1,Android UI 真源之一
docs,docs/spec/43-ai-assistant-requirements.md,AI 助手真实需求与验收基线,部分完成,大量能力仍是 partial，需要真实 HTTP/SSE/真机/性能证据和草稿执行闭环,AI 端到端证据与生产验收,P1,AI 主需求基线
docs,docs/spec/44-ai-assistant-review-gates.md,AI 助手审查门禁文档,部分完成,门禁已定义，但很多 gate 仍待真实验收结果支撑,AI 真实验收未闭环,P1,AI 审核清单
docs,docs/technical-analysis/server/README.md,技术分析文档,部分完成,文档记录的能力仍有待验证/待补项，需继续推动对应实现或验收闭环,对应业务能力尚未完全完成,P2,文档类文件
docs,docs/technical-analysis/server/api/README.md,技术分析文档,部分完成,文档记录的能力仍有待验证/待补项，需继续推动对应实现或验收闭环,对应业务能力尚未完全完成,P2,文档类文件
docs,docs/technical-analysis/server/api/common/README.md,技术分析文档,部分完成,文档记录的能力仍有待验证/待补项，需继续推动对应实现或验收闭环,对应业务能力尚未完全完成,P2,文档类文件
docs,docs/technical-analysis/server/api/controller/README.md,技术分析文档,部分完成,文档记录的能力仍有待验证/待补项，需继续推动对应实现或验收闭环,对应业务能力尚未完全完成,P2,文档类文件
docs,docs/technical-analysis/server/api/dto/README.md,技术分析文档,部分完成,文档记录的能力仍有待验证/待补项，需继续推动对应实现或验收闭环,对应业务能力尚未完全完成,P2,文档类文件
docs,docs/technical-analysis/server/entity/README.md,技术分析文档,部分完成,文档记录的能力仍有待验证/待补项，需继续推动对应实现或验收闭环,对应业务能力尚未完全完成,P2,文档类文件
docs,docs/technical-analysis/server/infrastructure/README.md,技术分析文档,部分完成,文档记录的能力仍有待验证/待补项，需继续推动对应实现或验收闭环,对应业务能力尚未完全完成,P2,文档类文件
docs,docs/technical-analysis/server/infrastructure/ai/README.md,技术分析文档,部分完成,文档记录的能力仍有待验证/待补项，需继续推动对应实现或验收闭环,对应业务能力尚未完全完成,P2,文档类文件
docs,docs/technical-analysis/server/infrastructure/config/README.md,技术分析文档,部分完成,文档记录的能力仍有待验证/待补项，需继续推动对应实现或验收闭环,对应业务能力尚未完全完成,P2,文档类文件
docs,docs/technical-analysis/server/infrastructure/security/README.md,技术分析文档,部分完成,文档记录的能力仍有待验证/待补项，需继续推动对应实现或验收闭环,对应业务能力尚未完全完成,P2,文档类文件
docs,docs/technical-analysis/server/repository/README.md,技术分析文档,部分完成,文档记录的能力仍有待验证/待补项，需继续推动对应实现或验收闭环,对应业务能力尚未完全完成,P2,文档类文件
docs,docs/technical-analysis/server/resources/README.md,技术分析文档,部分完成,文档记录的能力仍有待验证/待补项，需继续推动对应实现或验收闭环,对应业务能力尚未完全完成,P2,文档类文件
docs,docs/technical-analysis/server/service/README.md,技术分析文档,部分完成,文档记录的能力仍有待验证/待补项，需继续推动对应实现或验收闭环,对应业务能力尚未完全完成,P2,文档类文件
android,master-goods-android/app/.DS_Store,功能文件,已完成待联调,Android 文件已承担现有能力，剩余工作主要是联调、真机和发布验收,真机与发布验收,P3,Android 承载文件
android,master-goods-android/app/DEVELOPMENT.md,Android 应用总入口开发说明,部分完成,明确保留了 AI、dashboard/reports、真机与发布验收未完成项,真机、性能、发布验收缺失,P1,全局真实边界说明
android,master-goods-android/app/build.gradle.kts,构建配置,已完成待联调,构建配置已在用，剩余工作主要在真实 release/benchmark/部署验证,发布和构建环境验证,P3,构建配置
android,master-goods-android/app/proguard-rules.pro,功能文件,已完成待联调,Android 文件已承担现有能力，剩余工作主要是联调、真机和发布验收,真机与发布验收,P3,Android 承载文件
android,master-goods-android/app/src/debug/res/xml/network_security_config.xml,功能文件,已完成待联调,Android 文件已承担现有能力，剩余工作主要是联调、真机和发布验收,真机与发布验收,P3,Android 承载文件
android,master-goods-android/app/src/main/AndroidManifest.xml,功能文件,已完成待联调,Android 文件已承担现有能力，剩余工作主要是联调、真机和发布验收,真机与发布验收,P3,Android 承载文件
android,master-goods-android/app/src/main/java/com/zhihuiji/app/MainActivity.kt,Android Kotlin 模块,已完成待联调,Android 文件已承担现有能力，剩余工作主要是联调、真机和发布验收,真机与发布验收,P3,Android 承载文件
android,master-goods-android/app/src/main/java/com/zhihuiji/app/ZhihuijiApp.kt,Android Kotlin 模块,已完成待联调,Android 文件已承担现有能力，剩余工作主要是联调、真机和发布验收,真机与发布验收,P3,Android 承载文件
android,master-goods-android/app/src/main/java/com/zhihuiji/app/navigation/AppNavGraph.kt,Android Kotlin 模块,已完成待联调,Android 文件已承担现有能力，剩余工作主要是联调、真机和发布验收,真机与发布验收,P3,Android 承载文件
android,master-goods-android/app/src/main/java/com/zhihuiji/app/navigation/ArchivesScreen.kt,Android 页面,已完成待联调,Android 文件已承担现有能力，剩余工作主要是联调、真机和发布验收,真机与发布验收,P3,Android 承载文件
android,master-goods-android/app/src/main/java/com/zhihuiji/app/navigation/DocumentsScreen.kt,Android 页面,已完成待联调,Android 文件已承担现有能力，剩余工作主要是联调、真机和发布验收,真机与发布验收,P3,Android 承载文件
android,master-goods-android/app/src/main/java/com/zhihuiji/app/navigation/MainNavGraph.kt,Android Kotlin 模块,已完成待联调,Android 文件已承担现有能力，剩余工作主要是联调、真机和发布验收,真机与发布验收,P3,Android 承载文件
android,master-goods-android/app/src/main/java/com/zhihuiji/app/navigation/MainScreen.kt,Android 页面,已完成待联调,Android 文件已承担现有能力，剩余工作主要是联调、真机和发布验收,真机与发布验收,P3,Android 承载文件
android,master-goods-android/app/src/main/java/com/zhihuiji/app/security/RuntimeSecurityGuard.kt,Android Kotlin 模块,已完成待联调,Android 文件已承担现有能力，剩余工作主要是联调、真机和发布验收,真机与发布验收,P3,Android 承载文件
android,master-goods-android/app/src/main/java/com/zhihuiji/app/security/SignatureIntegrityChecker.kt,Android Kotlin 模块,已完成待联调,Android 文件已承担现有能力，剩余工作主要是联调、真机和发布验收,真机与发布验收,P3,Android 承载文件
android,master-goods-android/app/src/main/res/values/strings.xml,功能文件,已完成待联调,Android 文件已承担现有能力，剩余工作主要是联调、真机和发布验收,真机与发布验收,P3,Android 承载文件
android,master-goods-android/app/src/main/res/values/themes.xml,功能文件,已完成待联调,Android 文件已承担现有能力，剩余工作主要是联调、真机和发布验收,真机与发布验收,P3,Android 承载文件
android,master-goods-android/app/src/main/res/xml/backup_rules.xml,功能文件,已完成待联调,Android 文件已承担现有能力，剩余工作主要是联调、真机和发布验收,真机与发布验收,P3,Android 承载文件
android,master-goods-android/app/src/main/res/xml/data_extraction_rules.xml,功能文件,已完成待联调,Android 文件已承担现有能力，剩余工作主要是联调、真机和发布验收,真机与发布验收,P3,Android 承载文件
android,master-goods-android/app/src/release/AndroidManifest.xml,功能文件,已完成待联调,Android 文件已承担现有能力，剩余工作主要是联调、真机和发布验收,真机与发布验收,P3,Android 承载文件
android,master-goods-android/app/src/release/res/xml/network_security_config.xml,功能文件,已完成待联调,Android 文件已承担现有能力，剩余工作主要是联调、真机和发布验收,真机与发布验收,P3,Android 承载文件
android,master-goods-android/app/src/test/java/com/zhihuiji/app/MainActivityLaunchExtrasTest.kt,Android 测试,文档/脚本支撑,测试文件本身无新增业务功能，剩余价值在于跟随真实能力补回归用例,随对应业务能力变化补测试,P3,测试支撑
android,master-goods-android/benchmark/build.gradle.kts,构建配置,文档/脚本支撑,性能基线工具已在位，但仍需真实设备/发布包跑出有效基线,真实设备与 release 环境,P2,benchmark 支撑
android,master-goods-android/benchmark/src/main/AndroidManifest.xml,功能文件,文档/脚本支撑,性能基线工具已在位，但仍需真实设备/发布包跑出有效基线,真实设备与 release 环境,P2,benchmark 支撑
android,master-goods-android/benchmark/src/main/java/com/zhihuiji/benchmark/AppMacrobenchmark.kt,Android Kotlin 模块,文档/脚本支撑,性能基线工具已在位，但仍需真实设备/发布包跑出有效基线,真实设备与 release 环境,P2,benchmark 支撑
android,master-goods-android/benchmark/src/main/java/com/zhihuiji/benchmark/BaselineProfileGenerator.kt,Android Kotlin 模块,文档/脚本支撑,性能基线工具已在位，但仍需真实设备/发布包跑出有效基线,真实设备与 release 环境,P2,benchmark 支撑
android,master-goods-android/benchmark/src/main/java/com/zhihuiji/benchmark/BenchmarkFlows.kt,Android Kotlin 模块,文档/脚本支撑,性能基线工具已在位，但仍需真实设备/发布包跑出有效基线,真实设备与 release 环境,P2,benchmark 支撑
android,master-goods-android/build.gradle.kts,构建配置,已完成待联调,构建配置已在用，剩余工作主要在真实 release/benchmark/部署验证,发布和构建环境验证,P3,构建配置
android,master-goods-android/core/.DS_Store,功能文件,已完成待联调,基础层已较完整，仍待 owner-aware Room 扩域、性能与真机验收配套收口,本地缓存扩域/性能/真机验收,P2,Android core 层
android,master-goods-android/core/common/DEVELOPMENT.md,模块开发说明,已完成待联调,基础层已较完整，仍待 owner-aware Room 扩域、性能与真机验收配套收口,本地缓存扩域/性能/真机验收,P2,Android core 层
android,master-goods-android/core/common/build.gradle.kts,构建配置,已完成待联调,基础层已较完整，仍待 owner-aware Room 扩域、性能与真机验收配套收口,本地缓存扩域/性能/真机验收,P2,Android core 层
android,master-goods-android/core/common/src/main/AndroidManifest.xml,功能文件,已完成待联调,基础层已较完整，仍待 owner-aware Room 扩域、性能与真机验收配套收口,本地缓存扩域/性能/真机验收,P2,Android core 层
android,master-goods-android/core/common/src/main/java/com/zhihuiji/core/common/MoneyFormatter.kt,Android Kotlin 模块,已完成待联调,基础层已较完整，仍待 owner-aware Room 扩域、性能与真机验收配套收口,本地缓存扩域/性能/真机验收,P2,Android core 层
android,master-goods-android/core/common/src/main/java/com/zhihuiji/core/common/ResultExt.kt,Android Kotlin 模块,已完成待联调,基础层已较完整，仍待 owner-aware Room 扩域、性能与真机验收配套收口,本地缓存扩域/性能/真机验收,P2,Android core 层
android,master-goods-android/core/common/src/main/java/com/zhihuiji/core/common/StatusLabels.kt,Android Kotlin 模块,已完成待联调,基础层已较完整，仍待 owner-aware Room 扩域、性能与真机验收配套收口,本地缓存扩域/性能/真机验收,P2,Android core 层
android,master-goods-android/core/common/src/main/java/com/zhihuiji/core/common/TimeFormatter.kt,Android Kotlin 模块,已完成待联调,基础层已较完整，仍待 owner-aware Room 扩域、性能与真机验收配套收口,本地缓存扩域/性能/真机验收,P2,Android core 层
android,master-goods-android/core/common/src/main/java/com/zhihuiji/core/common/UiMessage.kt,Android Kotlin 模块,已完成待联调,基础层已较完整，仍待 owner-aware Room 扩域、性能与真机验收配套收口,本地缓存扩域/性能/真机验收,P2,Android core 层
android,master-goods-android/core/common/src/test/java/com/zhihuiji/core/common/ApiResponseExtTest.kt,Android 测试,文档/脚本支撑,测试文件本身无新增业务功能，剩余价值在于跟随真实能力补回归用例,随对应业务能力变化补测试,P3,测试支撑
android,master-goods-android/core/common/src/test/java/com/zhihuiji/core/common/MoneyFormatterTest.kt,Android 测试,文档/脚本支撑,测试文件本身无新增业务功能，剩余价值在于跟随真实能力补回归用例,随对应业务能力变化补测试,P3,测试支撑
android,master-goods-android/core/common/src/test/java/com/zhihuiji/core/common/StatusLabelsTest.kt,Android 测试,文档/脚本支撑,测试文件本身无新增业务功能，剩余价值在于跟随真实能力补回归用例,随对应业务能力变化补测试,P3,测试支撑
android,master-goods-android/core/database/.DS_Store,功能文件,已完成待联调,基础层已较完整，仍待 owner-aware Room 扩域、性能与真机验收配套收口,本地缓存扩域/性能/真机验收,P2,Android core 层
android,master-goods-android/core/database/DEVELOPMENT.md,模块开发说明,已完成待联调,基础层已较完整，仍待 owner-aware Room 扩域、性能与真机验收配套收口,本地缓存扩域/性能/真机验收,P2,Android core 层
android,master-goods-android/core/database/build.gradle.kts,构建配置,已完成待联调,基础层已较完整，仍待 owner-aware Room 扩域、性能与真机验收配套收口,本地缓存扩域/性能/真机验收,P2,Android core 层
android,master-goods-android/core/database/src/main/AndroidManifest.xml,功能文件,已完成待联调,基础层已较完整，仍待 owner-aware Room 扩域、性能与真机验收配套收口,本地缓存扩域/性能/真机验收,P2,Android core 层
android,master-goods-android/core/database/src/main/java/com/zhihuiji/core/database/DatabaseModule.kt,Android 依赖注入模块,已完成待联调,基础层已较完整，仍待 owner-aware Room 扩域、性能与真机验收配套收口,本地缓存扩域/性能/真机验收,P2,Android core 层
android,master-goods-android/core/database/src/main/java/com/zhihuiji/core/database/EntityMappers.kt,Android Kotlin 模块,已完成待联调,基础层已较完整，仍待 owner-aware Room 扩域、性能与真机验收配套收口,本地缓存扩域/性能/真机验收,P2,Android core 层
android,master-goods-android/core/database/src/main/java/com/zhihuiji/core/database/ZhihuijiDatabase.kt,Android Kotlin 模块,已完成待联调,基础层已较完整，仍待 owner-aware Room 扩域、性能与真机验收配套收口,本地缓存扩域/性能/真机验收,P2,Android core 层
android,master-goods-android/core/database/src/main/java/com/zhihuiji/core/database/dao/AgentAuditDao.kt,Android Room DAO,已完成待联调,基础层已较完整，仍待 owner-aware Room 扩域、性能与真机验收配套收口,本地缓存扩域/性能/真机验收,P2,Android core 层
android,master-goods-android/core/database/src/main/java/com/zhihuiji/core/database/dao/AgentNotificationDao.kt,Android Room DAO,已完成待联调,基础层已较完整，仍待 owner-aware Room 扩域、性能与真机验收配套收口,本地缓存扩域/性能/真机验收,P2,Android core 层
android,master-goods-android/core/database/src/main/java/com/zhihuiji/core/database/dao/CustomerDao.kt,Android Room DAO,已完成待联调,基础层已较完整，仍待 owner-aware Room 扩域、性能与真机验收配套收口,本地缓存扩域/性能/真机验收,P2,Android core 层
android,master-goods-android/core/database/src/main/java/com/zhihuiji/core/database/dao/FinanceRecordDao.kt,Android Room DAO,已完成待联调,基础层已较完整，仍待 owner-aware Room 扩域、性能与真机验收配套收口,本地缓存扩域/性能/真机验收,P2,Android core 层
android,master-goods-android/core/database/src/main/java/com/zhihuiji/core/database/dao/PayOrderDao.kt,Android Room DAO,已完成待联调,基础层已较完整，仍待 owner-aware Room 扩域、性能与真机验收配套收口,本地缓存扩域/性能/真机验收,P2,Android core 层
android,master-goods-android/core/database/src/main/java/com/zhihuiji/core/database/dao/ProductDao.kt,Android Room DAO,已完成待联调,基础层已较完整，仍待 owner-aware Room 扩域、性能与真机验收配套收口,本地缓存扩域/性能/真机验收,P2,Android core 层
android,master-goods-android/core/database/src/main/java/com/zhihuiji/core/database/dao/PurchaseOrderDao.kt,Android Room DAO,已完成待联调,基础层已较完整，仍待 owner-aware Room 扩域、性能与真机验收配套收口,本地缓存扩域/性能/真机验收,P2,Android core 层
android,master-goods-android/core/database/src/main/java/com/zhihuiji/core/database/dao/SaleOrderDao.kt,Android Room DAO,已完成待联调,基础层已较完整，仍待 owner-aware Room 扩域、性能与真机验收配套收口,本地缓存扩域/性能/真机验收,P2,Android core 层
android,master-goods-android/core/database/src/main/java/com/zhihuiji/core/database/dao/SupplierDao.kt,Android Room DAO,已完成待联调,基础层已较完整，仍待 owner-aware Room 扩域、性能与真机验收配套收口,本地缓存扩域/性能/真机验收,P2,Android core 层
android,master-goods-android/core/database/src/main/java/com/zhihuiji/core/database/dao/SyncCursorDao.kt,Android Room DAO,已完成待联调,基础层已较完整，仍待 owner-aware Room 扩域、性能与真机验收配套收口,本地缓存扩域/性能/真机验收,P2,Android core 层
android,master-goods-android/core/database/src/main/java/com/zhihuiji/core/database/entity/AgentAuditEntity.kt,Android 本地实体,已完成待联调,基础层已较完整，仍待 owner-aware Room 扩域、性能与真机验收配套收口,本地缓存扩域/性能/真机验收,P2,Android core 层
android,master-goods-android/core/database/src/main/java/com/zhihuiji/core/database/entity/AgentNotificationEntity.kt,Android 本地实体,已完成待联调,基础层已较完整，仍待 owner-aware Room 扩域、性能与真机验收配套收口,本地缓存扩域/性能/真机验收,P2,Android core 层
android,master-goods-android/core/database/src/main/java/com/zhihuiji/core/database/entity/CustomerEntity.kt,Android 本地实体,已完成待联调,基础层已较完整，仍待 owner-aware Room 扩域、性能与真机验收配套收口,本地缓存扩域/性能/真机验收,P2,Android core 层
android,master-goods-android/core/database/src/main/java/com/zhihuiji/core/database/entity/FinanceRecordEntity.kt,Android 本地实体,已完成待联调,基础层已较完整，仍待 owner-aware Room 扩域、性能与真机验收配套收口,本地缓存扩域/性能/真机验收,P2,Android core 层
android,master-goods-android/core/database/src/main/java/com/zhihuiji/core/database/entity/PayOrderEntity.kt,Android 本地实体,已完成待联调,基础层已较完整，仍待 owner-aware Room 扩域、性能与真机验收配套收口,本地缓存扩域/性能/真机验收,P2,Android core 层
android,master-goods-android/core/database/src/main/java/com/zhihuiji/core/database/entity/ProductEntity.kt,Android 本地实体,已完成待联调,基础层已较完整，仍待 owner-aware Room 扩域、性能与真机验收配套收口,本地缓存扩域/性能/真机验收,P2,Android core 层
android,master-goods-android/core/database/src/main/java/com/zhihuiji/core/database/entity/PurchaseOrderEntity.kt,Android 本地实体,已完成待联调,基础层已较完整，仍待 owner-aware Room 扩域、性能与真机验收配套收口,本地缓存扩域/性能/真机验收,P2,Android core 层
android,master-goods-android/core/database/src/main/java/com/zhihuiji/core/database/entity/SaleOrderEntity.kt,Android 本地实体,已完成待联调,基础层已较完整，仍待 owner-aware Room 扩域、性能与真机验收配套收口,本地缓存扩域/性能/真机验收,P2,Android core 层
android,master-goods-android/core/database/src/main/java/com/zhihuiji/core/database/entity/SaleOrderItemEntity.kt,Android 本地实体,已完成待联调,基础层已较完整，仍待 owner-aware Room 扩域、性能与真机验收配套收口,本地缓存扩域/性能/真机验收,P2,Android core 层
android,master-goods-android/core/database/src/main/java/com/zhihuiji/core/database/entity/SaleOrderWithItems.kt,Android Kotlin 模块,已完成待联调,基础层已较完整，仍待 owner-aware Room 扩域、性能与真机验收配套收口,本地缓存扩域/性能/真机验收,P2,Android core 层
android,master-goods-android/core/database/src/main/java/com/zhihuiji/core/database/entity/SupplierEntity.kt,Android 本地实体,已完成待联调,基础层已较完整，仍待 owner-aware Room 扩域、性能与真机验收配套收口,本地缓存扩域/性能/真机验收,P2,Android core 层
android,master-goods-android/core/database/src/main/java/com/zhihuiji/core/database/entity/SyncCursorEntity.kt,Android 本地实体,已完成待联调,基础层已较完整，仍待 owner-aware Room 扩域、性能与真机验收配套收口,本地缓存扩域/性能/真机验收,P2,Android core 层
android,master-goods-android/core/datastore/DEVELOPMENT.md,模块开发说明,已完成待联调,基础层已较完整，仍待 owner-aware Room 扩域、性能与真机验收配套收口,本地缓存扩域/性能/真机验收,P2,Android core 层
android,master-goods-android/core/datastore/build.gradle.kts,构建配置,已完成待联调,基础层已较完整，仍待 owner-aware Room 扩域、性能与真机验收配套收口,本地缓存扩域/性能/真机验收,P2,Android core 层
android,master-goods-android/core/datastore/src/main/AndroidManifest.xml,功能文件,已完成待联调,基础层已较完整，仍待 owner-aware Room 扩域、性能与真机验收配套收口,本地缓存扩域/性能/真机验收,P2,Android core 层
android,master-goods-android/core/datastore/src/main/java/com/zhihuiji/core/datastore/DataStoreModule.kt,Android 依赖注入模块,已完成待联调,基础层已较完整，仍待 owner-aware Room 扩域、性能与真机验收配套收口,本地缓存扩域/性能/真机验收,P2,Android core 层
android,master-goods-android/core/datastore/src/main/java/com/zhihuiji/core/datastore/SecureSessionCipher.kt,Android Kotlin 模块,已完成待联调,基础层已较完整，仍待 owner-aware Room 扩域、性能与真机验收配套收口,本地缓存扩域/性能/真机验收,P2,Android core 层
android,master-goods-android/core/datastore/src/main/java/com/zhihuiji/core/datastore/SessionStore.kt,Android Kotlin 模块,已完成待联调,基础层已较完整，仍待 owner-aware Room 扩域、性能与真机验收配套收口,本地缓存扩域/性能/真机验收,P2,Android core 层
android,master-goods-android/core/datastore/src/main/java/com/zhihuiji/core/datastore/SettingsStore.kt,Android Kotlin 模块,已完成待联调,基础层已较完整，仍待 owner-aware Room 扩域、性能与真机验收配套收口,本地缓存扩域/性能/真机验收,P2,Android core 层
android,master-goods-android/core/datastore/src/main/java/com/zhihuiji/core/datastore/SyncPreferenceStore.kt,Android Kotlin 模块,已完成待联调,基础层已较完整，仍待 owner-aware Room 扩域、性能与真机验收配套收口,本地缓存扩域/性能/真机验收,P2,Android core 层
android,master-goods-android/core/datastore/src/test/java/com/zhihuiji/core/datastore/SettingsStoreTest.kt,Android 测试,文档/脚本支撑,测试文件本身无新增业务功能，剩余价值在于跟随真实能力补回归用例,随对应业务能力变化补测试,P3,测试支撑
android,master-goods-android/core/designsystem/DEVELOPMENT.md,模块开发说明,已完成待联调,基础层已较完整，仍待 owner-aware Room 扩域、性能与真机验收配套收口,本地缓存扩域/性能/真机验收,P2,Android core 层
android,master-goods-android/core/designsystem/build.gradle.kts,构建配置,已完成待联调,基础层已较完整，仍待 owner-aware Room 扩域、性能与真机验收配套收口,本地缓存扩域/性能/真机验收,P2,Android core 层
android,master-goods-android/core/designsystem/src/main/AndroidManifest.xml,功能文件,已完成待联调,基础层已较完整，仍待 owner-aware Room 扩域、性能与真机验收配套收口,本地缓存扩域/性能/真机验收,P2,Android core 层
android,master-goods-android/core/designsystem/src/main/java/com/zhihuiji/core/designsystem/BottomActionBar.kt,Android Kotlin 模块,已完成待联调,基础层已较完整，仍待 owner-aware Room 扩域、性能与真机验收配套收口,本地缓存扩域/性能/真机验收,P2,Android core 层
android,master-goods-android/core/designsystem/src/main/java/com/zhihuiji/core/designsystem/BusinessListItem.kt,Android Kotlin 模块,已完成待联调,基础层已较完整，仍待 owner-aware Room 扩域、性能与真机验收配套收口,本地缓存扩域/性能/真机验收,P2,Android core 层
android,master-goods-android/core/designsystem/src/main/java/com/zhihuiji/core/designsystem/ChartCard.kt,Android Kotlin 模块,已完成待联调,基础层已较完整，仍待 owner-aware Room 扩域、性能与真机验收配套收口,本地缓存扩域/性能/真机验收,P2,Android core 层
android,master-goods-android/core/designsystem/src/main/java/com/zhihuiji/core/designsystem/DangerOutlineButton.kt,Android Kotlin 模块,已完成待联调,基础层已较完整，仍待 owner-aware Room 扩域、性能与真机验收配套收口,本地缓存扩域/性能/真机验收,P2,Android core 层
android,master-goods-android/core/designsystem/src/main/java/com/zhihuiji/core/designsystem/DocumentChromeSpacing.kt,Android Kotlin 模块,已完成待联调,基础层已较完整，仍待 owner-aware Room 扩域、性能与真机验收配套收口,本地缓存扩域/性能/真机验收,P2,Android core 层
android,master-goods-android/core/designsystem/src/main/java/com/zhihuiji/core/designsystem/DocumentListCard.kt,Android Kotlin 模块,已完成待联调,基础层已较完整，仍待 owner-aware Room 扩域、性能与真机验收配套收口,本地缓存扩域/性能/真机验收,P2,Android core 层
android,master-goods-android/core/designsystem/src/main/java/com/zhihuiji/core/designsystem/EmptyState.kt,Android Kotlin 模块,已完成待联调,基础层已较完整，仍待 owner-aware Room 扩域、性能与真机验收配套收口,本地缓存扩域/性能/真机验收,P2,Android core 层
android,master-goods-android/core/designsystem/src/main/java/com/zhihuiji/core/designsystem/FilterChipRow.kt,Android Kotlin 模块,已完成待联调,基础层已较完整，仍待 owner-aware Room 扩域、性能与真机验收配套收口,本地缓存扩域/性能/真机验收,P2,Android core 层
android,master-goods-android/core/designsystem/src/main/java/com/zhihuiji/core/designsystem/FloatingGlassActionButton.kt,Android Kotlin 模块,已完成待联调,基础层已较完整，仍待 owner-aware Room 扩域、性能与真机验收配套收口,本地缓存扩域/性能/真机验收,P2,Android core 层
android,master-goods-android/core/designsystem/src/main/java/com/zhihuiji/core/designsystem/GlassScaffold.kt,Android Kotlin 模块,已完成待联调,基础层已较完整，仍待 owner-aware Room 扩域、性能与真机验收配套收口,本地缓存扩域/性能/真机验收,P2,Android core 层
android,master-goods-android/core/designsystem/src/main/java/com/zhihuiji/core/designsystem/GlassTextField.kt,Android Kotlin 模块,已完成待联调,基础层已较完整，仍待 owner-aware Room 扩域、性能与真机验收配套收口,本地缓存扩域/性能/真机验收,P2,Android core 层
android,master-goods-android/core/designsystem/src/main/java/com/zhihuiji/core/designsystem/GlassTopBar.kt,Android Kotlin 模块,已完成待联调,基础层已较完整，仍待 owner-aware Room 扩域、性能与真机验收配套收口,本地缓存扩域/性能/真机验收,P2,Android core 层
android,master-goods-android/core/designsystem/src/main/java/com/zhihuiji/core/designsystem/KpiCard.kt,Android Kotlin 模块,已完成待联调,基础层已较完整，仍待 owner-aware Room 扩域、性能与真机验收配套收口,本地缓存扩域/性能/真机验收,P2,Android core 层
android,master-goods-android/core/designsystem/src/main/java/com/zhihuiji/core/designsystem/LiquidGlassCard.kt,Android Kotlin 模块,已完成待联调,基础层已较完整，仍待 owner-aware Room 扩域、性能与真机验收配套收口,本地缓存扩域/性能/真机验收,P2,Android core 层
android,master-goods-android/core/designsystem/src/main/java/com/zhihuiji/core/designsystem/LiquidGlassSurface.kt,Android Kotlin 模块,已完成待联调,基础层已较完整，仍待 owner-aware Room 扩域、性能与真机验收配套收口,本地缓存扩域/性能/真机验收,P2,Android core 层
android,master-goods-android/core/designsystem/src/main/java/com/zhihuiji/core/designsystem/PrimaryButton.kt,Android Kotlin 模块,已完成待联调,基础层已较完整，仍待 owner-aware Room 扩域、性能与真机验收配套收口,本地缓存扩域/性能/真机验收,P2,Android core 层
android,master-goods-android/core/designsystem/src/main/java/com/zhihuiji/core/designsystem/QuantityStepper.kt,Android Kotlin 模块,已完成待联调,基础层已较完整，仍待 owner-aware Room 扩域、性能与真机验收配套收口,本地缓存扩域/性能/真机验收,P2,Android core 层
android,master-goods-android/core/designsystem/src/main/java/com/zhihuiji/core/designsystem/SearchFilterBar.kt,Android Kotlin 模块,已完成待联调,基础层已较完整，仍待 owner-aware Room 扩域、性能与真机验收配套收口,本地缓存扩域/性能/真机验收,P2,Android core 层
android,master-goods-android/core/designsystem/src/main/java/com/zhihuiji/core/designsystem/SecondaryOutlineButton.kt,Android Kotlin 模块,已完成待联调,基础层已较完整，仍待 owner-aware Room 扩域、性能与真机验收配套收口,本地缓存扩域/性能/真机验收,P2,Android core 层
android,master-goods-android/core/designsystem/src/main/java/com/zhihuiji/core/designsystem/SegmentedTabs.kt,Android Kotlin 模块,已完成待联调,基础层已较完整，仍待 owner-aware Room 扩域、性能与真机验收配套收口,本地缓存扩域/性能/真机验收,P2,Android core 层
android,master-goods-android/core/designsystem/src/main/java/com/zhihuiji/core/designsystem/StatusPill.kt,Android Kotlin 模块,已完成待联调,基础层已较完整，仍待 owner-aware Room 扩域、性能与真机验收配套收口,本地缓存扩域/性能/真机验收,P2,Android core 层
android,master-goods-android/core/designsystem/src/main/java/com/zhihuiji/core/designsystem/ZhihuijiColors.kt,Android Kotlin 模块,已完成待联调,基础层已较完整，仍待 owner-aware Room 扩域、性能与真机验收配套收口,本地缓存扩域/性能/真机验收,P2,Android core 层
android,master-goods-android/core/designsystem/src/main/java/com/zhihuiji/core/designsystem/ZhihuijiShapes.kt,Android Kotlin 模块,已完成待联调,基础层已较完整，仍待 owner-aware Room 扩域、性能与真机验收配套收口,本地缓存扩域/性能/真机验收,P2,Android core 层
android,master-goods-android/core/designsystem/src/main/java/com/zhihuiji/core/designsystem/ZhihuijiTheme.kt,Android Kotlin 模块,已完成待联调,基础层已较完整，仍待 owner-aware Room 扩域、性能与真机验收配套收口,本地缓存扩域/性能/真机验收,P2,Android core 层
android,master-goods-android/core/designsystem/src/main/java/com/zhihuiji/core/designsystem/ZhihuijiTypography.kt,Android Kotlin 模块,已完成待联调,基础层已较完整，仍待 owner-aware Room 扩域、性能与真机验收配套收口,本地缓存扩域/性能/真机验收,P2,Android core 层
android,master-goods-android/core/model/.DS_Store,功能文件,已完成待联调,基础层已较完整，仍待 owner-aware Room 扩域、性能与真机验收配套收口,本地缓存扩域/性能/真机验收,P2,Android core 层
android,master-goods-android/core/model/DEVELOPMENT.md,模块开发说明,已完成待联调,基础层已较完整，仍待 owner-aware Room 扩域、性能与真机验收配套收口,本地缓存扩域/性能/真机验收,P2,Android core 层
android,master-goods-android/core/model/build.gradle.kts,构建配置,已完成待联调,基础层已较完整，仍待 owner-aware Room 扩域、性能与真机验收配套收口,本地缓存扩域/性能/真机验收,P2,Android core 层
android,master-goods-android/core/model/src/main/AndroidManifest.xml,功能文件,已完成待联调,基础层已较完整，仍待 owner-aware Room 扩域、性能与真机验收配套收口,本地缓存扩域/性能/真机验收,P2,Android core 层
android,master-goods-android/core/model/src/main/java/com/zhihuiji/core/model/AdminModels.kt,Android Kotlin 模块,已完成待联调,基础层已较完整，仍待 owner-aware Room 扩域、性能与真机验收配套收口,本地缓存扩域/性能/真机验收,P2,Android core 层
android,master-goods-android/core/model/src/main/java/com/zhihuiji/core/model/ApiResponse.kt,Android Kotlin 模块,已完成待联调,基础层已较完整，仍待 owner-aware Room 扩域、性能与真机验收配套收口,本地缓存扩域/性能/真机验收,P2,Android core 层
android,master-goods-android/core/model/src/main/java/com/zhihuiji/core/model/AuthModels.kt,Android Kotlin 模块,已完成待联调,基础层已较完整，仍待 owner-aware Room 扩域、性能与真机验收配套收口,本地缓存扩域/性能/真机验收,P2,Android core 层
android,master-goods-android/core/model/src/main/java/com/zhihuiji/core/model/FinanceModels.kt,Android Kotlin 模块,已完成待联调,基础层已较完整，仍待 owner-aware Room 扩域、性能与真机验收配套收口,本地缓存扩域/性能/真机验收,P2,Android core 层
android,master-goods-android/core/model/src/main/java/com/zhihuiji/core/model/OrderModels.kt,Android Kotlin 模块,已完成待联调,基础层已较完整，仍待 owner-aware Room 扩域、性能与真机验收配套收口,本地缓存扩域/性能/真机验收,P2,Android core 层
android,master-goods-android/core/model/src/main/java/com/zhihuiji/core/model/PartyModels.kt,Android Kotlin 模块,已完成待联调,基础层已较完整，仍待 owner-aware Room 扩域、性能与真机验收配套收口,本地缓存扩域/性能/真机验收,P2,Android core 层
android,master-goods-android/core/model/src/main/java/com/zhihuiji/core/model/ProductModels.kt,Android Kotlin 模块,已完成待联调,基础层已较完整，仍待 owner-aware Room 扩域、性能与真机验收配套收口,本地缓存扩域/性能/真机验收,P2,Android core 层
android,master-goods-android/core/model/src/main/java/com/zhihuiji/core/model/ReportModels.kt,Android Kotlin 模块,已完成待联调,基础层已较完整，仍待 owner-aware Room 扩域、性能与真机验收配套收口,本地缓存扩域/性能/真机验收,P2,Android core 层
android,master-goods-android/core/model/src/main/java/com/zhihuiji/core/model/StatusConstants.kt,Android Kotlin 模块,已完成待联调,基础层已较完整，仍待 owner-aware Room 扩域、性能与真机验收配套收口,本地缓存扩域/性能/真机验收,P2,Android core 层
android,master-goods-android/core/model/src/main/java/com/zhihuiji/core/model/SyncModels.kt,Android Kotlin 模块,已完成待联调,基础层已较完整，仍待 owner-aware Room 扩域、性能与真机验收配套收口,本地缓存扩域/性能/真机验收,P2,Android core 层
android,master-goods-android/core/model/src/main/java/com/zhihuiji/core/model/v2/agent/AgentAuditModels.kt,Android Kotlin 模块,已完成待联调,基础层已较完整，仍待 owner-aware Room 扩域、性能与真机验收配套收口,本地缓存扩域/性能/真机验收,P2,Android core 层
android,master-goods-android/core/model/src/main/java/com/zhihuiji/core/model/v2/agent/AgentChatModels.kt,Android Kotlin 模块,已完成待联调,基础层已较完整，仍待 owner-aware Room 扩域、性能与真机验收配套收口,本地缓存扩域/性能/真机验收,P2,Android core 层
android,master-goods-android/core/model/src/main/java/com/zhihuiji/core/model/v2/agent/AgentChatRequestResponse.kt,Android Kotlin 模块,已完成待联调,基础层已较完整，仍待 owner-aware Room 扩域、性能与真机验收配套收口,本地缓存扩域/性能/真机验收,P2,Android core 层
android,master-goods-android/core/model/src/main/java/com/zhihuiji/core/model/v2/agent/AgentResultBlockModels.kt,Android Kotlin 模块,已完成待联调,基础层已较完整，仍待 owner-aware Room 扩域、性能与真机验收配套收口,本地缓存扩域/性能/真机验收,P2,Android core 层
android,master-goods-android/core/model/src/main/java/com/zhihuiji/core/model/v2/agent/AgentStreamModels.kt,Android Kotlin 模块,已完成待联调,基础层已较完整，仍待 owner-aware Room 扩域、性能与真机验收配套收口,本地缓存扩域/性能/真机验收,P2,Android core 层
android,master-goods-android/core/model/src/main/java/com/zhihuiji/core/model/v2/agent/AgentV2Models.kt,Android Kotlin 模块,已完成待联调,基础层已较完整，仍待 owner-aware Room 扩域、性能与真机验收配套收口,本地缓存扩域/性能/真机验收,P2,Android core 层
android,master-goods-android/core/model/src/main/java/com/zhihuiji/core/model/v2/finance/FinanceV2Models.kt,Android Kotlin 模块,已完成待联调,基础层已较完整，仍待 owner-aware Room 扩域、性能与真机验收配套收口,本地缓存扩域/性能/真机验收,P2,Android core 层
android,master-goods-android/core/model/src/main/java/com/zhihuiji/core/model/v2/inventory/InventoryV2Models.kt,Android Kotlin 模块,已完成待联调,基础层已较完整，仍待 owner-aware Room 扩域、性能与真机验收配套收口,本地缓存扩域/性能/真机验收,P2,Android core 层
android,master-goods-android/core/model/src/main/java/com/zhihuiji/core/model/v2/media/MediaV2Models.kt,Android Kotlin 模块,已完成待联调,基础层已较完整，仍待 owner-aware Room 扩域、性能与真机验收配套收口,本地缓存扩域/性能/真机验收,P2,Android core 层
android,master-goods-android/core/model/src/main/java/com/zhihuiji/core/model/v2/order/OrderV2Models.kt,Android Kotlin 模块,已完成待联调,基础层已较完整，仍待 owner-aware Room 扩域、性能与真机验收配套收口,本地缓存扩域/性能/真机验收,P2,Android core 层
android,master-goods-android/core/model/src/main/java/com/zhihuiji/core/model/v2/partner/PartnerV2Models.kt,Android Kotlin 模块,已完成待联调,基础层已较完整，仍待 owner-aware Room 扩域、性能与真机验收配套收口,本地缓存扩域/性能/真机验收,P2,Android core 层
android,master-goods-android/core/model/src/main/java/com/zhihuiji/core/model/v2/product/ProductV2Models.kt,Android Kotlin 模块,已完成待联调,基础层已较完整，仍待 owner-aware Room 扩域、性能与真机验收配套收口,本地缓存扩域/性能/真机验收,P2,Android core 层
android,master-goods-android/core/model/src/main/java/com/zhihuiji/core/model/v2/sync/SyncV2Models.kt,Android Kotlin 模块,已完成待联调,基础层已较完整，仍待 owner-aware Room 扩域、性能与真机验收配套收口,本地缓存扩域/性能/真机验收,P2,Android core 层
android,master-goods-android/core/model/src/test/java/com/zhihuiji/core/model/SerializationContractTest.kt,Android 测试,文档/脚本支撑,测试文件本身无新增业务功能，剩余价值在于跟随真实能力补回归用例,随对应业务能力变化补测试,P3,测试支撑
android,master-goods-android/core/model/src/test/java/com/zhihuiji/core/model/v2/V2ModelSerializationTest.kt,Android 测试,文档/脚本支撑,测试文件本身无新增业务功能，剩余价值在于跟随真实能力补回归用例,随对应业务能力变化补测试,P3,测试支撑
android,master-goods-android/core/model/src/test/java/com/zhihuiji/core/model/v2/agent/AgentChatResponseSerializationTest.kt,Android 测试,文档/脚本支撑,测试文件本身无新增业务功能，剩余价值在于跟随真实能力补回归用例,随对应业务能力变化补测试,P3,测试支撑
android,master-goods-android/core/model/src/test/java/com/zhihuiji/core/model/v2/agent/AgentStreamEventSerializationTest.kt,Android 测试,文档/脚本支撑,测试文件本身无新增业务功能，剩余价值在于跟随真实能力补回归用例,随对应业务能力变化补测试,P3,测试支撑
android,master-goods-android/core/network/DEVELOPMENT.md,模块开发说明,已完成待联调,基础层已较完整，仍待 owner-aware Room 扩域、性能与真机验收配套收口,本地缓存扩域/性能/真机验收,P2,Android core 层
android,master-goods-android/core/network/build.gradle.kts,构建配置,已完成待联调,基础层已较完整，仍待 owner-aware Room 扩域、性能与真机验收配套收口,本地缓存扩域/性能/真机验收,P2,Android core 层
android,master-goods-android/core/network/src/main/AndroidManifest.xml,功能文件,已完成待联调,基础层已较完整，仍待 owner-aware Room 扩域、性能与真机验收配套收口,本地缓存扩域/性能/真机验收,P2,Android core 层
android,master-goods-android/core/network/src/main/java/com/zhihuiji/core/network/AgentSseClient.kt,Android Kotlin 模块,已完成待联调,基础层已较完整，仍待 owner-aware Room 扩域、性能与真机验收配套收口,本地缓存扩域/性能/真机验收,P2,Android core 层
android,master-goods-android/core/network/src/main/java/com/zhihuiji/core/network/AuthInterceptor.kt,Android Kotlin 模块,已完成待联调,基础层已较完整，仍待 owner-aware Room 扩域、性能与真机验收配套收口,本地缓存扩域/性能/真机验收,P2,Android core 层
android,master-goods-android/core/network/src/main/java/com/zhihuiji/core/network/BaseUrlInterceptor.kt,Android Kotlin 模块,已完成待联调,基础层已较完整，仍待 owner-aware Room 扩域、性能与真机验收配套收口,本地缓存扩域/性能/真机验收,P2,Android core 层
android,master-goods-android/core/network/src/main/java/com/zhihuiji/core/network/CacheScopeProvider.kt,Android Kotlin 模块,已完成待联调,基础层已较完整，仍待 owner-aware Room 扩域、性能与真机验收配套收口,本地缓存扩域/性能/真机验收,P2,Android core 层
android,master-goods-android/core/network/src/main/java/com/zhihuiji/core/network/MemoryCache.kt,Android Kotlin 模块,已完成待联调,基础层已较完整，仍待 owner-aware Room 扩域、性能与真机验收配套收口,本地缓存扩域/性能/真机验收,P2,Android core 层
android,master-goods-android/core/network/src/main/java/com/zhihuiji/core/network/NetworkConfig.kt,Android Kotlin 模块,已完成待联调,基础层已较完整，仍待 owner-aware Room 扩域、性能与真机验收配套收口,本地缓存扩域/性能/真机验收,P2,Android core 层
android,master-goods-android/core/network/src/main/java/com/zhihuiji/core/network/NetworkModule.kt,Android 依赖注入模块,已完成待联调,基础层已较完整，仍待 owner-aware Room 扩域、性能与真机验收配套收口,本地缓存扩域/性能/真机验收,P2,Android core 层
android,master-goods-android/core/network/src/main/java/com/zhihuiji/core/network/SafeApiCall.kt,Android Kotlin 模块,已完成待联调,基础层已较完整，仍待 owner-aware Room 扩域、性能与真机验收配套收口,本地缓存扩域/性能/真机验收,P2,Android core 层
android,master-goods-android/core/network/src/main/java/com/zhihuiji/core/network/TokenAuthenticator.kt,Android Kotlin 模块,已完成待联调,基础层已较完整，仍待 owner-aware Room 扩域、性能与真机验收配套收口,本地缓存扩域/性能/真机验收,P2,Android core 层
android,master-goods-android/core/network/src/main/java/com/zhihuiji/core/network/ZhihuijiApi.kt,Android Kotlin 模块,已完成待联调,基础层已较完整，仍待 owner-aware Room 扩域、性能与真机验收配套收口,本地缓存扩域/性能/真机验收,P2,Android core 层
android,master-goods-android/core/network/src/main/java/com/zhihuiji/core/network/ZhihuijiV2Api.kt,Android Kotlin 模块,已完成待联调,基础层已较完整，仍待 owner-aware Room 扩域、性能与真机验收配套收口,本地缓存扩域/性能/真机验收,P2,Android core 层
android,master-goods-android/core/network/src/test/java/com/zhihuiji/core/network/AgentSseClientCancellationTest.kt,Android 测试,文档/脚本支撑,测试文件本身无新增业务功能，剩余价值在于跟随真实能力补回归用例,随对应业务能力变化补测试,P3,测试支撑
android,master-goods-android/core/network/src/test/java/com/zhihuiji/core/network/NetworkConfigTest.kt,Android 测试,文档/脚本支撑,测试文件本身无新增业务功能，剩余价值在于跟随真实能力补回归用例,随对应业务能力变化补测试,P3,测试支撑
android,master-goods-android/core/network/src/test/java/com/zhihuiji/core/network/SafeApiCallBehaviorTest.kt,Android 测试,文档/脚本支撑,测试文件本身无新增业务功能，剩余价值在于跟随真实能力补回归用例,随对应业务能力变化补测试,P3,测试支撑
android,master-goods-android/core/network/src/test/java/com/zhihuiji/core/network/ZhihuijiApiContractTest.kt,Android 测试,文档/脚本支撑,测试文件本身无新增业务功能，剩余价值在于跟随真实能力补回归用例,随对应业务能力变化补测试,P3,测试支撑
android,master-goods-android/core/network/src/test/java/com/zhihuiji/core/network/ZhihuijiV2ApiContractTest.kt,Android 测试,文档/脚本支撑,测试文件本身无新增业务功能，剩余价值在于跟随真实能力补回归用例,随对应业务能力变化补测试,P3,测试支撑
android,master-goods-android/data/.DS_Store,功能文件,已完成待联调,Repository/V2 接线已完成首轮，仍待真机联调与更完整本地缓存扩域,owner-aware Room 扩域与真机联调,P2,Android data 层
android,master-goods-android/data/agent/DEVELOPMENT.md,模块开发说明,已完成待联调,Repository/V2 接线已完成首轮，仍待真机联调与更完整本地缓存扩域,owner-aware Room 扩域与真机联调,P2,Android data 层
android,master-goods-android/data/agent/build.gradle.kts,构建配置,已完成待联调,Repository/V2 接线已完成首轮，仍待真机联调与更完整本地缓存扩域,owner-aware Room 扩域与真机联调,P2,Android data 层
android,master-goods-android/data/agent/src/main/AndroidManifest.xml,功能文件,已完成待联调,Repository/V2 接线已完成首轮，仍待真机联调与更完整本地缓存扩域,owner-aware Room 扩域与真机联调,P2,Android data 层
android,master-goods-android/data/agent/src/main/java/com/zhihuiji/data/agent/AgentAuditRepository.kt,Android 数据仓储,已完成待联调,Repository/V2 接线已完成首轮，仍待真机联调与更完整本地缓存扩域,owner-aware Room 扩域与真机联调,P2,Android data 层
android,master-goods-android/data/agent/src/main/java/com/zhihuiji/data/agent/AgentV2Repository.kt,Android 数据仓储,已完成待联调,Repository/V2 接线已完成首轮，仍待真机联调与更完整本地缓存扩域,owner-aware Room 扩域与真机联调,P2,Android data 层
android,master-goods-android/data/agent/src/main/java/com/zhihuiji/data/agent/MediaV2Repository.kt,Android 数据仓储,已完成待联调,Repository/V2 接线已完成首轮，仍待真机联调与更完整本地缓存扩域,owner-aware Room 扩域与真机联调,P2,Android data 层
android,master-goods-android/data/agent/src/test/java/com/zhihuiji/data/agent/AgentV2RepositoryTest.kt,Android 测试,文档/脚本支撑,测试文件本身无新增业务功能，剩余价值在于跟随真实能力补回归用例,随对应业务能力变化补测试,P3,测试支撑
android,master-goods-android/data/auth/DEVELOPMENT.md,模块开发说明,已完成待联调,Repository/V2 接线已完成首轮，仍待真机联调与更完整本地缓存扩域,owner-aware Room 扩域与真机联调,P2,Android data 层
android,master-goods-android/data/auth/build.gradle.kts,构建配置,已完成待联调,Repository/V2 接线已完成首轮，仍待真机联调与更完整本地缓存扩域,owner-aware Room 扩域与真机联调,P2,Android data 层
android,master-goods-android/data/auth/src/main/AndroidManifest.xml,功能文件,已完成待联调,Repository/V2 接线已完成首轮，仍待真机联调与更完整本地缓存扩域,owner-aware Room 扩域与真机联调,P2,Android data 层
android,master-goods-android/data/auth/src/main/java/com/zhihuiji/data/auth/AuthRepository.kt,Android 数据仓储,已完成待联调,Repository/V2 接线已完成首轮，仍待真机联调与更完整本地缓存扩域,owner-aware Room 扩域与真机联调,P2,Android data 层
android,master-goods-android/data/auth/src/main/java/com/zhihuiji/data/auth/LocalDataCleaner.kt,Android Kotlin 模块,已完成待联调,Repository/V2 接线已完成首轮，仍待真机联调与更完整本地缓存扩域,owner-aware Room 扩域与真机联调,P2,Android data 层
android,master-goods-android/data/customer/DEVELOPMENT.md,模块开发说明,已完成待联调,Repository/V2 接线已完成首轮，仍待真机联调与更完整本地缓存扩域,owner-aware Room 扩域与真机联调,P2,Android data 层
android,master-goods-android/data/customer/build.gradle.kts,构建配置,已完成待联调,Repository/V2 接线已完成首轮，仍待真机联调与更完整本地缓存扩域,owner-aware Room 扩域与真机联调,P2,Android data 层
android,master-goods-android/data/customer/src/main/AndroidManifest.xml,功能文件,已完成待联调,Repository/V2 接线已完成首轮，仍待真机联调与更完整本地缓存扩域,owner-aware Room 扩域与真机联调,P2,Android data 层
android,master-goods-android/data/customer/src/main/java/com/zhihuiji/data/customer/CustomerRepository.kt,Android 数据仓储,已完成待联调,Repository/V2 接线已完成首轮，仍待真机联调与更完整本地缓存扩域,owner-aware Room 扩域与真机联调,P2,Android data 层
android,master-goods-android/data/customer/src/main/java/com/zhihuiji/data/customer/CustomerV2Repository.kt,Android 数据仓储,已完成待联调,Repository/V2 接线已完成首轮，仍待真机联调与更完整本地缓存扩域,owner-aware Room 扩域与真机联调,P2,Android data 层
android,master-goods-android/data/customer/src/test/java/com/zhihuiji/data/customer/CustomerV2RepositoryTest.kt,Android 测试,文档/脚本支撑,测试文件本身无新增业务功能，剩余价值在于跟随真实能力补回归用例,随对应业务能力变化补测试,P3,测试支撑
android,master-goods-android/data/finance/DEVELOPMENT.md,模块开发说明,已完成待联调,Repository/V2 接线已完成首轮，仍待真机联调与更完整本地缓存扩域,owner-aware Room 扩域与真机联调,P2,Android data 层
android,master-goods-android/data/finance/build.gradle.kts,构建配置,已完成待联调,Repository/V2 接线已完成首轮，仍待真机联调与更完整本地缓存扩域,owner-aware Room 扩域与真机联调,P2,Android data 层
android,master-goods-android/data/finance/src/main/AndroidManifest.xml,功能文件,已完成待联调,Repository/V2 接线已完成首轮，仍待真机联调与更完整本地缓存扩域,owner-aware Room 扩域与真机联调,P2,Android data 层
android,master-goods-android/data/finance/src/main/java/com/zhihuiji/data/finance/FinanceRepository.kt,Android 数据仓储,已完成待联调,Repository/V2 接线已完成首轮，仍待真机联调与更完整本地缓存扩域,owner-aware Room 扩域与真机联调,P2,Android data 层
android,master-goods-android/data/finance/src/main/java/com/zhihuiji/data/finance/FinanceV2Repository.kt,Android 数据仓储,已完成待联调,Repository/V2 接线已完成首轮，仍待真机联调与更完整本地缓存扩域,owner-aware Room 扩域与真机联调,P2,Android data 层
android,master-goods-android/data/finance/src/test/java/com/zhihuiji/data/finance/FinanceV2RepositoryTest.kt,Android 测试,文档/脚本支撑,测试文件本身无新增业务功能，剩余价值在于跟随真实能力补回归用例,随对应业务能力变化补测试,P3,测试支撑
android,master-goods-android/data/order/DEVELOPMENT.md,模块开发说明,已完成待联调,Repository/V2 接线已完成首轮，仍待真机联调与更完整本地缓存扩域,owner-aware Room 扩域与真机联调,P2,Android data 层
android,master-goods-android/data/order/build.gradle.kts,构建配置,已完成待联调,Repository/V2 接线已完成首轮，仍待真机联调与更完整本地缓存扩域,owner-aware Room 扩域与真机联调,P2,Android data 层
android,master-goods-android/data/order/src/main/AndroidManifest.xml,功能文件,已完成待联调,Repository/V2 接线已完成首轮，仍待真机联调与更完整本地缓存扩域,owner-aware Room 扩域与真机联调,P2,Android data 层
android,master-goods-android/data/order/src/main/java/com/zhihuiji/data/order/PayOrderRepository.kt,Android 数据仓储,已完成待联调,Repository/V2 接线已完成首轮，仍待真机联调与更完整本地缓存扩域,owner-aware Room 扩域与真机联调,P2,Android data 层
android,master-goods-android/data/order/src/main/java/com/zhihuiji/data/order/PayOrderV2Repository.kt,Android 数据仓储,已完成待联调,Repository/V2 接线已完成首轮，仍待真机联调与更完整本地缓存扩域,owner-aware Room 扩域与真机联调,P2,Android data 层
android,master-goods-android/data/order/src/main/java/com/zhihuiji/data/order/PurchaseOrderRepository.kt,Android 数据仓储,已完成待联调,Repository/V2 接线已完成首轮，仍待真机联调与更完整本地缓存扩域,owner-aware Room 扩域与真机联调,P2,Android data 层
android,master-goods-android/data/order/src/main/java/com/zhihuiji/data/order/PurchaseOrderV2Repository.kt,Android 数据仓储,已完成待联调,Repository/V2 接线已完成首轮，仍待真机联调与更完整本地缓存扩域,owner-aware Room 扩域与真机联调,P2,Android data 层
android,master-goods-android/data/order/src/main/java/com/zhihuiji/data/order/PurchaseReceiptV2Repository.kt,Android 数据仓储,已完成待联调,Repository/V2 接线已完成首轮，仍待真机联调与更完整本地缓存扩域,owner-aware Room 扩域与真机联调,P2,Android data 层
android,master-goods-android/data/order/src/main/java/com/zhihuiji/data/order/SaleOrderRepository.kt,Android 数据仓储,已完成待联调,Repository/V2 接线已完成首轮，仍待真机联调与更完整本地缓存扩域,owner-aware Room 扩域与真机联调,P2,Android data 层
android,master-goods-android/data/order/src/main/java/com/zhihuiji/data/order/SaleOrderV2Repository.kt,Android 数据仓储,已完成待联调,Repository/V2 接线已完成首轮，仍待真机联调与更完整本地缓存扩域,owner-aware Room 扩域与真机联调,P2,Android data 层
android,master-goods-android/data/order/src/main/java/com/zhihuiji/data/order/SalesReturnV2Repository.kt,Android 数据仓储,已完成待联调,Repository/V2 接线已完成首轮，仍待真机联调与更完整本地缓存扩域,owner-aware Room 扩域与真机联调,P2,Android data 层
android,master-goods-android/data/order/src/test/java/com/zhihuiji/data/order/OrderV2RepositoryTest.kt,Android 测试,文档/脚本支撑,测试文件本身无新增业务功能，剩余价值在于跟随真实能力补回归用例,随对应业务能力变化补测试,P3,测试支撑
android,master-goods-android/data/product/DEVELOPMENT.md,模块开发说明,已完成待联调,Repository/V2 接线已完成首轮，仍待真机联调与更完整本地缓存扩域,owner-aware Room 扩域与真机联调,P2,Android data 层
android,master-goods-android/data/product/build.gradle.kts,构建配置,已完成待联调,Repository/V2 接线已完成首轮，仍待真机联调与更完整本地缓存扩域,owner-aware Room 扩域与真机联调,P2,Android data 层
android,master-goods-android/data/product/src/main/AndroidManifest.xml,功能文件,已完成待联调,Repository/V2 接线已完成首轮，仍待真机联调与更完整本地缓存扩域,owner-aware Room 扩域与真机联调,P2,Android data 层
android,master-goods-android/data/product/src/main/java/com/zhihuiji/data/product/ProductRepository.kt,Android 数据仓储,已完成待联调,Repository/V2 接线已完成首轮，仍待真机联调与更完整本地缓存扩域,owner-aware Room 扩域与真机联调,P2,Android data 层
android,master-goods-android/data/product/src/main/java/com/zhihuiji/data/product/ProductV2Repository.kt,Android 数据仓储,已完成待联调,Repository/V2 接线已完成首轮，仍待真机联调与更完整本地缓存扩域,owner-aware Room 扩域与真机联调,P2,Android data 层
android,master-goods-android/data/product/src/test/java/com/zhihuiji/data/product/ProductV2RepositoryTest.kt,Android 测试,文档/脚本支撑,测试文件本身无新增业务功能，剩余价值在于跟随真实能力补回归用例,随对应业务能力变化补测试,P3,测试支撑
android,master-goods-android/data/report/DEVELOPMENT.md,模块开发说明,已完成待联调,Repository/V2 接线已完成首轮，仍待真机联调与更完整本地缓存扩域,owner-aware Room 扩域与真机联调,P2,Android data 层
android,master-goods-android/data/report/build.gradle.kts,构建配置,已完成待联调,Repository/V2 接线已完成首轮，仍待真机联调与更完整本地缓存扩域,owner-aware Room 扩域与真机联调,P2,Android data 层
android,master-goods-android/data/report/src/main/AndroidManifest.xml,功能文件,已完成待联调,Repository/V2 接线已完成首轮，仍待真机联调与更完整本地缓存扩域,owner-aware Room 扩域与真机联调,P2,Android data 层
android,master-goods-android/data/report/src/main/java/com/zhihuiji/data/report/ReportRepository.kt,Android 数据仓储,已完成待联调,Repository/V2 接线已完成首轮，仍待真机联调与更完整本地缓存扩域,owner-aware Room 扩域与真机联调,P2,Android data 层
android,master-goods-android/data/supplier/DEVELOPMENT.md,模块开发说明,已完成待联调,Repository/V2 接线已完成首轮，仍待真机联调与更完整本地缓存扩域,owner-aware Room 扩域与真机联调,P2,Android data 层
android,master-goods-android/data/supplier/build.gradle.kts,构建配置,已完成待联调,Repository/V2 接线已完成首轮，仍待真机联调与更完整本地缓存扩域,owner-aware Room 扩域与真机联调,P2,Android data 层
android,master-goods-android/data/supplier/src/main/AndroidManifest.xml,功能文件,已完成待联调,Repository/V2 接线已完成首轮，仍待真机联调与更完整本地缓存扩域,owner-aware Room 扩域与真机联调,P2,Android data 层
android,master-goods-android/data/supplier/src/main/java/com/zhihuiji/data/supplier/SupplierRepository.kt,Android 数据仓储,已完成待联调,Repository/V2 接线已完成首轮，仍待真机联调与更完整本地缓存扩域,owner-aware Room 扩域与真机联调,P2,Android data 层
android,master-goods-android/data/supplier/src/main/java/com/zhihuiji/data/supplier/SupplierV2Repository.kt,Android 数据仓储,已完成待联调,Repository/V2 接线已完成首轮，仍待真机联调与更完整本地缓存扩域,owner-aware Room 扩域与真机联调,P2,Android data 层
android,master-goods-android/data/supplier/src/test/java/com/zhihuiji/data/supplier/SupplierV2RepositoryTest.kt,Android 测试,文档/脚本支撑,测试文件本身无新增业务功能，剩余价值在于跟随真实能力补回归用例,随对应业务能力变化补测试,P3,测试支撑
android,master-goods-android/data/sync/DEVELOPMENT.md,模块开发说明,已完成待联调,Repository/V2 接线已完成首轮，仍待真机联调与更完整本地缓存扩域,owner-aware Room 扩域与真机联调,P2,Android data 层
android,master-goods-android/data/sync/build.gradle.kts,构建配置,已完成待联调,Repository/V2 接线已完成首轮，仍待真机联调与更完整本地缓存扩域,owner-aware Room 扩域与真机联调,P2,Android data 层
android,master-goods-android/data/sync/src/main/AndroidManifest.xml,功能文件,已完成待联调,Repository/V2 接线已完成首轮，仍待真机联调与更完整本地缓存扩域,owner-aware Room 扩域与真机联调,P2,Android data 层
android,master-goods-android/data/sync/src/main/java/com/zhihuiji/data/sync/SyncRepository.kt,Android 数据仓储,已完成待联调,Repository/V2 接线已完成首轮，仍待真机联调与更完整本地缓存扩域,owner-aware Room 扩域与真机联调,P2,Android data 层
android,master-goods-android/data/sync/src/main/java/com/zhihuiji/data/sync/SyncV2Repository.kt,Android 数据仓储,已完成待联调,Repository/V2 接线已完成首轮，仍待真机联调与更完整本地缓存扩域,owner-aware Room 扩域与真机联调,P2,Android data 层
android,master-goods-android/data/sync/src/test/java/com/zhihuiji/data/sync/SyncV2RepositoryTest.kt,Android 测试,文档/脚本支撑,测试文件本身无新增业务功能，剩余价值在于跟随真实能力补回归用例,随对应业务能力变化补测试,P3,测试支撑
android,master-goods-android/feature/.DS_Store,功能文件,已完成待联调,功能主链大多已具备，剩余工作以真机联调、设计贴合和发布验收为主,真机、后端和发布验收,P2,Android feature 文件
android,master-goods-android/feature/agent/DEVELOPMENT.md,Android AI 模块开发说明,部分完成,草稿真实执行闭环、真实 SSE/取消/审计/性能证据仍待补齐,AI 端到端联调与验收,P1,AI 剩余项总入口
android,master-goods-android/feature/agent/build.gradle.kts,构建配置,部分完成,真实 SSE/审计主链已在，但草稿执行闭环、真机取消、性能与发布证据仍待补齐,AI 端到端验收与真实环境证据,P1,Android AI 模块
android,master-goods-android/feature/agent/src/main/AndroidManifest.xml,功能文件,部分完成,真实 SSE/审计主链已在，但草稿执行闭环、真机取消、性能与发布证据仍待补齐,AI 端到端验收与真实环境证据,P1,Android AI 模块
android,master-goods-android/feature/agent/src/main/java/com/zhihuiji/feature/agent/AgentChatScreen.kt,Android 页面,部分完成,真实 SSE/审计主链已在，但草稿执行闭环、真机取消、性能与发布证据仍待补齐,AI 端到端验收与真实环境证据,P1,Android AI 模块
android,master-goods-android/feature/agent/src/main/java/com/zhihuiji/feature/agent/AgentChatViewModel.kt,Android 页面状态与交互,部分完成,真实 SSE/审计主链已在，但草稿执行闭环、真机取消、性能与发布证据仍待补齐,AI 端到端验收与真实环境证据,P1,Android AI 模块
android,master-goods-android/feature/agent/src/main/java/com/zhihuiji/feature/agent/AgentMarkdownText.kt,Android Kotlin 模块,部分完成,真实 SSE/审计主链已在，但草稿执行闭环、真机取消、性能与发布证据仍待补齐,AI 端到端验收与真实环境证据,P1,Android AI 模块
android,master-goods-android/feature/agent/src/main/java/com/zhihuiji/feature/agent/AgentResponseProvenance.kt,Android Kotlin 模块,部分完成,真实 SSE/审计主链已在，但草稿执行闭环、真机取消、性能与发布证据仍待补齐,AI 端到端验收与真实环境证据,P1,Android AI 模块
android,master-goods-android/feature/agent/src/main/java/com/zhihuiji/feature/agent/AgentWorkbenchScreen.kt,Android 页面,部分完成,真实 SSE/审计主链已在，但草稿执行闭环、真机取消、性能与发布证据仍待补齐,AI 端到端验收与真实环境证据,P1,Android AI 模块
android,master-goods-android/feature/agent/src/main/java/com/zhihuiji/feature/agent/AgentWorkbenchViewModel.kt,Android 页面状态与交互,部分完成,真实 SSE/审计主链已在，但草稿执行闭环、真机取消、性能与发布证据仍待补齐,AI 端到端验收与真实环境证据,P1,Android AI 模块
android,master-goods-android/feature/agent/src/main/java/com/zhihuiji/feature/agent/DraftListScreen.kt,Android 页面,部分完成,真实 SSE/审计主链已在，但草稿执行闭环、真机取消、性能与发布证据仍待补齐,AI 端到端验收与真实环境证据,P1,Android AI 模块
android,master-goods-android/feature/agent/src/main/java/com/zhihuiji/feature/agent/DraftListViewModel.kt,Android 页面状态与交互,部分完成,真实 SSE/审计主链已在，但草稿执行闭环、真机取消、性能与发布证据仍待补齐,AI 端到端验收与真实环境证据,P1,Android AI 模块
android,master-goods-android/feature/agent/src/main/java/com/zhihuiji/feature/agent/ResultBlockRenderer.kt,Android Kotlin 模块,部分完成,真实 SSE/审计主链已在，但草稿执行闭环、真机取消、性能与发布证据仍待补齐,AI 端到端验收与真实环境证据,P1,Android AI 模块
android,master-goods-android/feature/agent/src/main/java/com/zhihuiji/feature/agent/RunTracePanel.kt,Android Kotlin 模块,部分完成,真实 SSE/审计主链已在，但草稿执行闭环、真机取消、性能与发布证据仍待补齐,AI 端到端验收与真实环境证据,P1,Android AI 模块
android,master-goods-android/feature/agent/src/main/java/com/zhihuiji/feature/agent/TaskNotificationScreen.kt,Android 页面,部分完成,真实 SSE/审计主链已在，但草稿执行闭环、真机取消、性能与发布证据仍待补齐,AI 端到端验收与真实环境证据,P1,Android AI 模块
android,master-goods-android/feature/agent/src/main/java/com/zhihuiji/feature/agent/TaskNotificationViewModel.kt,Android 页面状态与交互,部分完成,真实 SSE/审计主链已在，但草稿执行闭环、真机取消、性能与发布证据仍待补齐,AI 端到端验收与真实环境证据,P1,Android AI 模块
android,master-goods-android/feature/agent/src/test/java/com/zhihuiji/feature/agent/AgentChatScreenToolStatusTest.kt,Android 测试,文档/脚本支撑,测试文件本身无新增业务功能，剩余价值在于跟随真实能力补回归用例,随对应业务能力变化补测试,P3,测试支撑
android,master-goods-android/feature/agent/src/test/java/com/zhihuiji/feature/agent/AgentChatViewModelAnswerMergeTest.kt,Android 测试,文档/脚本支撑,测试文件本身无新增业务功能，剩余价值在于跟随真实能力补回归用例,随对应业务能力变化补测试,P3,测试支撑
android,master-goods-android/feature/agent/src/test/java/com/zhihuiji/feature/agent/AgentMarkdownTextParserTest.kt,Android 测试,文档/脚本支撑,测试文件本身无新增业务功能，剩余价值在于跟随真实能力补回归用例,随对应业务能力变化补测试,P3,测试支撑
android,master-goods-android/feature/agent/src/test/java/com/zhihuiji/feature/agent/AgentResponseProvenanceTest.kt,Android 测试,文档/脚本支撑,测试文件本身无新增业务功能，剩余价值在于跟随真实能力补回归用例,随对应业务能力变化补测试,P3,测试支撑
android,master-goods-android/feature/agent/src/test/java/com/zhihuiji/feature/agent/AgentStoredResultBlockParseTest.kt,Android 测试,文档/脚本支撑,测试文件本身无新增业务功能，剩余价值在于跟随真实能力补回归用例,随对应业务能力变化补测试,P3,测试支撑
android,master-goods-android/feature/agent/src/test/java/com/zhihuiji/feature/agent/ResultBlockRendererContractTest.kt,Android 测试,文档/脚本支撑,测试文件本身无新增业务功能，剩余价值在于跟随真实能力补回归用例,随对应业务能力变化补测试,P3,测试支撑
android,master-goods-android/feature/auth/DEVELOPMENT.md,模块开发说明,已完成待联调,功能主链大多已具备，剩余工作以真机联调、设计贴合和发布验收为主,真机、后端和发布验收,P2,Android feature 文件
android,master-goods-android/feature/auth/build.gradle.kts,构建配置,已完成待联调,功能主链大多已具备，剩余工作以真机联调、设计贴合和发布验收为主,真机、后端和发布验收,P2,Android feature 文件
android,master-goods-android/feature/auth/src/main/AndroidManifest.xml,功能文件,已完成待联调,功能主链大多已具备，剩余工作以真机联调、设计贴合和发布验收为主,真机、后端和发布验收,P2,Android feature 文件
android,master-goods-android/feature/auth/src/main/java/com/zhihuiji/feature/auth/AuthViewModel.kt,Android 页面状态与交互,已完成待联调,功能主链大多已具备，剩余工作以真机联调、设计贴合和发布验收为主,真机、后端和发布验收,P2,Android feature 文件
android,master-goods-android/feature/auth/src/main/java/com/zhihuiji/feature/auth/LoginScreen.kt,Android 页面,已完成待联调,功能主链大多已具备，剩余工作以真机联调、设计贴合和发布验收为主,真机、后端和发布验收,P2,Android feature 文件
android,master-goods-android/feature/auth/src/main/java/com/zhihuiji/feature/auth/RegisterScreen.kt,Android 页面,已完成待联调,功能主链大多已具备，剩余工作以真机联调、设计贴合和发布验收为主,真机、后端和发布验收,P2,Android feature 文件
android,master-goods-android/feature/customers/DEVELOPMENT.md,模块开发说明,已完成待联调,功能主链大多已具备，剩余工作以真机联调、设计贴合和发布验收为主,真机、后端和发布验收,P2,Android feature 文件
android,master-goods-android/feature/customers/build.gradle.kts,构建配置,已完成待联调,功能主链大多已具备，剩余工作以真机联调、设计贴合和发布验收为主,真机、后端和发布验收,P2,Android feature 文件
android,master-goods-android/feature/customers/src/main/AndroidManifest.xml,功能文件,已完成待联调,功能主链大多已具备，剩余工作以真机联调、设计贴合和发布验收为主,真机、后端和发布验收,P2,Android feature 文件
android,master-goods-android/feature/customers/src/main/java/com/zhihuiji/feature/customers/CustomerDetailScreen.kt,Android 页面,已完成待联调,功能主链大多已具备，剩余工作以真机联调、设计贴合和发布验收为主,真机、后端和发布验收,P2,Android feature 文件
android,master-goods-android/feature/customers/src/main/java/com/zhihuiji/feature/customers/CustomerDetailViewModel.kt,Android 页面状态与交互,已完成待联调,功能主链大多已具备，剩余工作以真机联调、设计贴合和发布验收为主,真机、后端和发布验收,P2,Android feature 文件
android,master-goods-android/feature/customers/src/main/java/com/zhihuiji/feature/customers/CustomerEditScreen.kt,Android 页面,已完成待联调,功能主链大多已具备，剩余工作以真机联调、设计贴合和发布验收为主,真机、后端和发布验收,P2,Android feature 文件
android,master-goods-android/feature/customers/src/main/java/com/zhihuiji/feature/customers/CustomerEditViewModel.kt,Android 页面状态与交互,已完成待联调,功能主链大多已具备，剩余工作以真机联调、设计贴合和发布验收为主,真机、后端和发布验收,P2,Android feature 文件
android,master-goods-android/feature/customers/src/main/java/com/zhihuiji/feature/customers/CustomerListScreen.kt,Android 页面,已完成待联调,功能主链大多已具备，剩余工作以真机联调、设计贴合和发布验收为主,真机、后端和发布验收,P2,Android feature 文件
android,master-goods-android/feature/customers/src/main/java/com/zhihuiji/feature/customers/CustomerListViewModel.kt,Android 页面状态与交互,已完成待联调,功能主链大多已具备，剩余工作以真机联调、设计贴合和发布验收为主,真机、后端和发布验收,P2,Android feature 文件
android,master-goods-android/feature/dashboard/DEVELOPMENT.md,模块开发说明,部分完成,首页已可用，但真实趋势/视觉贴合/真机验收仍待继续,设计稿与真机验收,P1,Android 首页模块
android,master-goods-android/feature/dashboard/build.gradle.kts,构建配置,部分完成,首页已可用，但真实趋势/视觉贴合/真机验收仍待继续,设计稿与真机验收,P1,Android 首页模块
android,master-goods-android/feature/dashboard/src/main/AndroidManifest.xml,功能文件,部分完成,首页已可用，但真实趋势/视觉贴合/真机验收仍待继续,设计稿与真机验收,P1,Android 首页模块
android,master-goods-android/feature/dashboard/src/main/java/com/zhihuiji/feature/dashboard/DashboardScreen.kt,Android 页面,部分完成,首页已可用，但真实趋势/视觉贴合/真机验收仍待继续,设计稿与真机验收,P1,Android 首页模块
android,master-goods-android/feature/dashboard/src/main/java/com/zhihuiji/feature/dashboard/DashboardViewModel.kt,Android 页面状态与交互,部分完成,首页已可用，但真实趋势/视觉贴合/真机验收仍待继续,设计稿与真机验收,P1,Android 首页模块
android,master-goods-android/feature/dashboard/src/test/java/com/zhihuiji/feature/dashboard/DashboardViewModelDependencyTest.kt,Android 测试,文档/脚本支撑,测试文件本身无新增业务功能，剩余价值在于跟随真实能力补回归用例,随对应业务能力变化补测试,P3,测试支撑
android,master-goods-android/feature/finance/DEVELOPMENT.md,模块开发说明,已完成待联调,功能主链大多已具备，剩余工作以真机联调、设计贴合和发布验收为主,真机、后端和发布验收,P2,Android feature 文件
android,master-goods-android/feature/finance/build.gradle.kts,构建配置,已完成待联调,功能主链大多已具备，剩余工作以真机联调、设计贴合和发布验收为主,真机、后端和发布验收,P2,Android feature 文件
android,master-goods-android/feature/finance/src/main/AndroidManifest.xml,功能文件,已完成待联调,功能主链大多已具备，剩余工作以真机联调、设计贴合和发布验收为主,真机、后端和发布验收,P2,Android feature 文件
android,master-goods-android/feature/finance/src/main/java/com/zhihuiji/feature/finance/DailyExpenseScreen.kt,Android 页面,已完成待联调,功能主链大多已具备，剩余工作以真机联调、设计贴合和发布验收为主,真机、后端和发布验收,P2,Android feature 文件
android,master-goods-android/feature/finance/src/main/java/com/zhihuiji/feature/finance/DailyExpenseViewModel.kt,Android 页面状态与交互,已完成待联调,功能主链大多已具备，剩余工作以真机联调、设计贴合和发布验收为主,真机、后端和发布验收,P2,Android feature 文件
android,master-goods-android/feature/finance/src/main/java/com/zhihuiji/feature/finance/FinanceRecordDetailScreen.kt,Android 页面,已完成待联调,功能主链大多已具备，剩余工作以真机联调、设计贴合和发布验收为主,真机、后端和发布验收,P2,Android feature 文件
android,master-goods-android/feature/finance/src/main/java/com/zhihuiji/feature/finance/FinanceRecordListScreen.kt,Android 页面,已完成待联调,功能主链大多已具备，剩余工作以真机联调、设计贴合和发布验收为主,真机、后端和发布验收,P2,Android feature 文件
android,master-goods-android/feature/finance/src/main/java/com/zhihuiji/feature/finance/FinanceViewModel.kt,Android 页面状态与交互,已完成待联调,功能主链大多已具备，剩余工作以真机联调、设计贴合和发布验收为主,真机、后端和发布验收,P2,Android feature 文件
android,master-goods-android/feature/payments/DEVELOPMENT.md,模块开发说明,已完成待联调,功能主链大多已具备，剩余工作以真机联调、设计贴合和发布验收为主,真机、后端和发布验收,P2,Android feature 文件
android,master-goods-android/feature/payments/build.gradle.kts,构建配置,已完成待联调,功能主链大多已具备，剩余工作以真机联调、设计贴合和发布验收为主,真机、后端和发布验收,P2,Android feature 文件
android,master-goods-android/feature/payments/src/main/AndroidManifest.xml,功能文件,已完成待联调,功能主链大多已具备，剩余工作以真机联调、设计贴合和发布验收为主,真机、后端和发布验收,P2,Android feature 文件
android,master-goods-android/feature/payments/src/main/java/com/zhihuiji/feature/payments/PayOrderDetailScreen.kt,Android 页面,已完成待联调,功能主链大多已具备，剩余工作以真机联调、设计贴合和发布验收为主,真机、后端和发布验收,P2,Android feature 文件
android,master-goods-android/feature/payments/src/main/java/com/zhihuiji/feature/payments/PayOrderDetailViewModel.kt,Android 页面状态与交互,已完成待联调,功能主链大多已具备，剩余工作以真机联调、设计贴合和发布验收为主,真机、后端和发布验收,P2,Android feature 文件
android,master-goods-android/feature/payments/src/main/java/com/zhihuiji/feature/payments/PayOrderListScreen.kt,Android 页面,已完成待联调,功能主链大多已具备，剩余工作以真机联调、设计贴合和发布验收为主,真机、后端和发布验收,P2,Android feature 文件
android,master-goods-android/feature/payments/src/main/java/com/zhihuiji/feature/payments/PayOrderListViewModel.kt,Android 页面状态与交互,已完成待联调,功能主链大多已具备，剩余工作以真机联调、设计贴合和发布验收为主,真机、后端和发布验收,P2,Android feature 文件
android,master-goods-android/feature/products/DEVELOPMENT.md,模块开发说明,已完成待联调,功能主链大多已具备，剩余工作以真机联调、设计贴合和发布验收为主,真机、后端和发布验收,P2,Android feature 文件
android,master-goods-android/feature/products/build.gradle.kts,构建配置,已完成待联调,功能主链大多已具备，剩余工作以真机联调、设计贴合和发布验收为主,真机、后端和发布验收,P2,Android feature 文件
android,master-goods-android/feature/products/src/main/AndroidManifest.xml,功能文件,已完成待联调,功能主链大多已具备，剩余工作以真机联调、设计贴合和发布验收为主,真机、后端和发布验收,P2,Android feature 文件
android,master-goods-android/feature/products/src/main/java/com/zhihuiji/feature/products/InventoryLedgerScreen.kt,Android 页面,已完成待联调,功能主链大多已具备，剩余工作以真机联调、设计贴合和发布验收为主,真机、后端和发布验收,P2,Android feature 文件
android,master-goods-android/feature/products/src/main/java/com/zhihuiji/feature/products/InventoryLedgerViewModel.kt,Android 页面状态与交互,已完成待联调,功能主链大多已具备，剩余工作以真机联调、设计贴合和发布验收为主,真机、后端和发布验收,P2,Android feature 文件
android,master-goods-android/feature/products/src/main/java/com/zhihuiji/feature/products/InventorySnapshotScreen.kt,Android 页面,已完成待联调,功能主链大多已具备，剩余工作以真机联调、设计贴合和发布验收为主,真机、后端和发布验收,P2,Android feature 文件
android,master-goods-android/feature/products/src/main/java/com/zhihuiji/feature/products/InventorySnapshotViewModel.kt,Android 页面状态与交互,已完成待联调,功能主链大多已具备，剩余工作以真机联调、设计贴合和发布验收为主,真机、后端和发布验收,P2,Android feature 文件
android,master-goods-android/feature/products/src/main/java/com/zhihuiji/feature/products/ProductDetailScreen.kt,Android 页面,已完成待联调,功能主链大多已具备，剩余工作以真机联调、设计贴合和发布验收为主,真机、后端和发布验收,P2,Android feature 文件
android,master-goods-android/feature/products/src/main/java/com/zhihuiji/feature/products/ProductDetailViewModel.kt,Android 页面状态与交互,已完成待联调,功能主链大多已具备，剩余工作以真机联调、设计贴合和发布验收为主,真机、后端和发布验收,P2,Android feature 文件
android,master-goods-android/feature/products/src/main/java/com/zhihuiji/feature/products/ProductEditScreen.kt,Android 页面,已完成待联调,功能主链大多已具备，剩余工作以真机联调、设计贴合和发布验收为主,真机、后端和发布验收,P2,Android feature 文件
android,master-goods-android/feature/products/src/main/java/com/zhihuiji/feature/products/ProductEditViewModel.kt,Android 页面状态与交互,已完成待联调,功能主链大多已具备，剩余工作以真机联调、设计贴合和发布验收为主,真机、后端和发布验收,P2,Android feature 文件
android,master-goods-android/feature/products/src/main/java/com/zhihuiji/feature/products/ProductListScreen.kt,Android 页面,已完成待联调,功能主链大多已具备，剩余工作以真机联调、设计贴合和发布验收为主,真机、后端和发布验收,P2,Android feature 文件
android,master-goods-android/feature/products/src/main/java/com/zhihuiji/feature/products/ProductListViewModel.kt,Android 页面状态与交互,已完成待联调,功能主链大多已具备，剩余工作以真机联调、设计贴合和发布验收为主,真机、后端和发布验收,P2,Android feature 文件
android,master-goods-android/feature/products/src/main/java/com/zhihuiji/feature/products/StockAdjustScreen.kt,Android 页面,已完成待联调,功能主链大多已具备，剩余工作以真机联调、设计贴合和发布验收为主,真机、后端和发布验收,P2,Android feature 文件
android,master-goods-android/feature/products/src/main/java/com/zhihuiji/feature/products/StockAdjustViewModel.kt,Android 页面状态与交互,已完成待联调,功能主链大多已具备，剩余工作以真机联调、设计贴合和发布验收为主,真机、后端和发布验收,P2,Android feature 文件
android,master-goods-android/feature/purchases/DEVELOPMENT.md,模块开发说明,已完成待联调,功能主链大多已具备，剩余工作以真机联调、设计贴合和发布验收为主,真机、后端和发布验收,P2,Android feature 文件
android,master-goods-android/feature/purchases/build.gradle.kts,构建配置,已完成待联调,功能主链大多已具备，剩余工作以真机联调、设计贴合和发布验收为主,真机、后端和发布验收,P2,Android feature 文件
android,master-goods-android/feature/purchases/src/main/AndroidManifest.xml,功能文件,已完成待联调,功能主链大多已具备，剩余工作以真机联调、设计贴合和发布验收为主,真机、后端和发布验收,P2,Android feature 文件
android,master-goods-android/feature/purchases/src/main/java/com/zhihuiji/feature/purchases/PurchaseOrderDetailScreen.kt,Android 页面,已完成待联调,功能主链大多已具备，剩余工作以真机联调、设计贴合和发布验收为主,真机、后端和发布验收,P2,Android feature 文件
android,master-goods-android/feature/purchases/src/main/java/com/zhihuiji/feature/purchases/PurchaseOrderDetailViewModel.kt,Android 页面状态与交互,已完成待联调,功能主链大多已具备，剩余工作以真机联调、设计贴合和发布验收为主,真机、后端和发布验收,P2,Android feature 文件
android,master-goods-android/feature/purchases/src/main/java/com/zhihuiji/feature/purchases/PurchaseOrderEditScreen.kt,Android 页面,已完成待联调,功能主链大多已具备，剩余工作以真机联调、设计贴合和发布验收为主,真机、后端和发布验收,P2,Android feature 文件
android,master-goods-android/feature/purchases/src/main/java/com/zhihuiji/feature/purchases/PurchaseOrderEditViewModel.kt,Android 页面状态与交互,已完成待联调,功能主链大多已具备，剩余工作以真机联调、设计贴合和发布验收为主,真机、后端和发布验收,P2,Android feature 文件
android,master-goods-android/feature/purchases/src/main/java/com/zhihuiji/feature/purchases/PurchaseOrderListScreen.kt,Android 页面,已完成待联调,功能主链大多已具备，剩余工作以真机联调、设计贴合和发布验收为主,真机、后端和发布验收,P2,Android feature 文件
android,master-goods-android/feature/purchases/src/main/java/com/zhihuiji/feature/purchases/PurchaseOrderListViewModel.kt,Android 页面状态与交互,已完成待联调,功能主链大多已具备，剩余工作以真机联调、设计贴合和发布验收为主,真机、后端和发布验收,P2,Android feature 文件
android,master-goods-android/feature/purchases/src/main/java/com/zhihuiji/feature/purchases/PurchaseReceiptScreen.kt,Android 页面,已完成待联调,功能主链大多已具备，剩余工作以真机联调、设计贴合和发布验收为主,真机、后端和发布验收,P2,Android feature 文件
android,master-goods-android/feature/purchases/src/main/java/com/zhihuiji/feature/purchases/PurchaseReceiptViewModel.kt,Android 页面状态与交互,已完成待联调,功能主链大多已具备，剩余工作以真机联调、设计贴合和发布验收为主,真机、后端和发布验收,P2,Android feature 文件
android,master-goods-android/feature/purchases/src/main/java/com/zhihuiji/feature/purchases/PurchaseReturnScreen.kt,Android 采购退货页面,部分完成,来源单切换与边界说明已做，但可退数量、退款链路、提交闭环未完成,后端未提供采购退货合同,P0,采购退货核心页面
android,master-goods-android/feature/purchases/src/main/java/com/zhihuiji/feature/purchases/PurchaseReturnViewModel.kt,Android 采购退货状态与交互,部分完成,只能承接边界展示，无法完成真实提交闭环,后端合同缺失,P0,采购退货核心 VM
android,master-goods-android/feature/reports/DEVELOPMENT.md,Android 报表模块开发说明,部分完成,真实趋势、部分口径、真机截图和发布证据仍未完成,报表接口联调与真机验收,P1,报表剩余项总入口
android,master-goods-android/feature/reports/build.gradle.kts,构建配置,部分完成,报表已接真实主链，但真实趋势、部分口径、设计稿贴合与真机证据未完成,报表联调与真机验收,P1,Android 报表模块
android,master-goods-android/feature/reports/src/main/AndroidManifest.xml,功能文件,部分完成,报表已接真实主链，但真实趋势、部分口径、设计稿贴合与真机证据未完成,报表联调与真机验收,P1,Android 报表模块
android,master-goods-android/feature/reports/src/main/java/com/zhihuiji/feature/reports/ReportScreen.kt,Android 页面,部分完成,报表已接真实主链，但真实趋势、部分口径、设计稿贴合与真机证据未完成,报表联调与真机验收,P1,Android 报表模块
android,master-goods-android/feature/reports/src/main/java/com/zhihuiji/feature/reports/ReportViewModel.kt,Android 页面状态与交互,部分完成,报表已接真实主链，但真实趋势、部分口径、设计稿贴合与真机证据未完成,报表联调与真机验收,P1,Android 报表模块
android,master-goods-android/feature/sales/DEVELOPMENT.md,模块开发说明,已完成待联调,功能主链大多已具备，剩余工作以真机联调、设计贴合和发布验收为主,真机、后端和发布验收,P2,Android feature 文件
android,master-goods-android/feature/sales/build.gradle.kts,构建配置,已完成待联调,功能主链大多已具备，剩余工作以真机联调、设计贴合和发布验收为主,真机、后端和发布验收,P2,Android feature 文件
android,master-goods-android/feature/sales/src/main/AndroidManifest.xml,功能文件,已完成待联调,功能主链大多已具备，剩余工作以真机联调、设计贴合和发布验收为主,真机、后端和发布验收,P2,Android feature 文件
android,master-goods-android/feature/sales/src/main/java/com/zhihuiji/feature/sales/PaymentScreen.kt,Android 页面,已完成待联调,功能主链大多已具备，剩余工作以真机联调、设计贴合和发布验收为主,真机、后端和发布验收,P2,Android feature 文件
android,master-goods-android/feature/sales/src/main/java/com/zhihuiji/feature/sales/PaymentViewModel.kt,Android 页面状态与交互,已完成待联调,功能主链大多已具备，剩余工作以真机联调、设计贴合和发布验收为主,真机、后端和发布验收,P2,Android feature 文件
android,master-goods-android/feature/sales/src/main/java/com/zhihuiji/feature/sales/SaleOrderDetailScreen.kt,Android 页面,已完成待联调,功能主链大多已具备，剩余工作以真机联调、设计贴合和发布验收为主,真机、后端和发布验收,P2,Android feature 文件
android,master-goods-android/feature/sales/src/main/java/com/zhihuiji/feature/sales/SaleOrderDetailViewModel.kt,Android 页面状态与交互,已完成待联调,功能主链大多已具备，剩余工作以真机联调、设计贴合和发布验收为主,真机、后端和发布验收,P2,Android feature 文件
android,master-goods-android/feature/sales/src/main/java/com/zhihuiji/feature/sales/SaleOrderEditScreen.kt,Android 页面,已完成待联调,功能主链大多已具备，剩余工作以真机联调、设计贴合和发布验收为主,真机、后端和发布验收,P2,Android feature 文件
android,master-goods-android/feature/sales/src/main/java/com/zhihuiji/feature/sales/SaleOrderEditViewModel.kt,Android 页面状态与交互,已完成待联调,功能主链大多已具备，剩余工作以真机联调、设计贴合和发布验收为主,真机、后端和发布验收,P2,Android feature 文件
android,master-goods-android/feature/sales/src/main/java/com/zhihuiji/feature/sales/SaleOrderListScreen.kt,Android 页面,已完成待联调,功能主链大多已具备，剩余工作以真机联调、设计贴合和发布验收为主,真机、后端和发布验收,P2,Android feature 文件
android,master-goods-android/feature/sales/src/main/java/com/zhihuiji/feature/sales/SaleOrderListViewModel.kt,Android 页面状态与交互,已完成待联调,功能主链大多已具备，剩余工作以真机联调、设计贴合和发布验收为主,真机、后端和发布验收,P2,Android feature 文件
android,master-goods-android/feature/sales/src/main/java/com/zhihuiji/feature/sales/SalesReturnScreen.kt,Android 页面,已完成待联调,功能主链大多已具备，剩余工作以真机联调、设计贴合和发布验收为主,真机、后端和发布验收,P2,Android feature 文件
android,master-goods-android/feature/sales/src/main/java/com/zhihuiji/feature/sales/SalesReturnViewModel.kt,Android 页面状态与交互,已完成待联调,功能主链大多已具备，剩余工作以真机联调、设计贴合和发布验收为主,真机、后端和发布验收,P2,Android feature 文件
android,master-goods-android/feature/settings/DEVELOPMENT.md,Android 设置模块开发说明,部分完成,文档已明确缓存统计/清理未实现，且真实店员仍非 store/member 体系,后端成员接口与缓存能力未补,P0,模块剩余项总入口
android,master-goods-android/feature/settings/build.gradle.kts,构建配置,部分完成,设置主链可用，但缓存统计/清理与真实 store/member 语义未完成,后端成员语义与缓存能力缺失,P1,Android 设置模块
android,master-goods-android/feature/settings/src/main/AndroidManifest.xml,功能文件,部分完成,设置主链可用，但缓存统计/清理与真实 store/member 语义未完成,后端成员语义与缓存能力缺失,P1,Android 设置模块
android,master-goods-android/feature/settings/src/main/java/com/zhihuiji/feature/settings/SettingsScreen.kt,Android 页面,部分完成,设置主链可用，但缓存统计/清理与真实 store/member 语义未完成,后端成员语义与缓存能力缺失,P1,Android 设置模块
android,master-goods-android/feature/settings/src/main/java/com/zhihuiji/feature/settings/SettingsViewModel.kt,Android 页面状态与交互,部分完成,设置主链可用，但缓存统计/清理与真实 store/member 语义未完成,后端成员语义与缓存能力缺失,P1,Android 设置模块
android,master-goods-android/feature/settings/src/main/java/com/zhihuiji/feature/settings/StaffManagementScreen.kt,Android 店员与权限页面,部分完成,已接真实 admin users，但不是 store/member 角色绑定管理,后端未提供真实门店成员体系,P0,真实账号管理而非最终 RBAC
android,master-goods-android/feature/settings/src/main/java/com/zhihuiji/feature/settings/StaffManagementViewModel.kt,Android 店员管理状态与交互,部分完成,当前只驱动 `/v1/admin/users` 账号管理，未承接 store/member 语义,后端成员模型未落地,P0,真实账号管理 VM
android,master-goods-android/feature/suppliers/DEVELOPMENT.md,模块开发说明,已完成待联调,功能主链大多已具备，剩余工作以真机联调、设计贴合和发布验收为主,真机、后端和发布验收,P2,Android feature 文件
android,master-goods-android/feature/suppliers/build.gradle.kts,构建配置,已完成待联调,功能主链大多已具备，剩余工作以真机联调、设计贴合和发布验收为主,真机、后端和发布验收,P2,Android feature 文件
android,master-goods-android/feature/suppliers/src/main/AndroidManifest.xml,功能文件,已完成待联调,功能主链大多已具备，剩余工作以真机联调、设计贴合和发布验收为主,真机、后端和发布验收,P2,Android feature 文件
android,master-goods-android/feature/suppliers/src/main/java/com/zhihuiji/feature/suppliers/SupplierDetailScreen.kt,Android 页面,已完成待联调,功能主链大多已具备，剩余工作以真机联调、设计贴合和发布验收为主,真机、后端和发布验收,P2,Android feature 文件
android,master-goods-android/feature/suppliers/src/main/java/com/zhihuiji/feature/suppliers/SupplierDetailViewModel.kt,Android 页面状态与交互,已完成待联调,功能主链大多已具备，剩余工作以真机联调、设计贴合和发布验收为主,真机、后端和发布验收,P2,Android feature 文件
android,master-goods-android/feature/suppliers/src/main/java/com/zhihuiji/feature/suppliers/SupplierEditScreen.kt,Android 页面,已完成待联调,功能主链大多已具备，剩余工作以真机联调、设计贴合和发布验收为主,真机、后端和发布验收,P2,Android feature 文件
android,master-goods-android/feature/suppliers/src/main/java/com/zhihuiji/feature/suppliers/SupplierEditViewModel.kt,Android 页面状态与交互,已完成待联调,功能主链大多已具备，剩余工作以真机联调、设计贴合和发布验收为主,真机、后端和发布验收,P2,Android feature 文件
android,master-goods-android/feature/suppliers/src/main/java/com/zhihuiji/feature/suppliers/SupplierListScreen.kt,Android 页面,已完成待联调,功能主链大多已具备，剩余工作以真机联调、设计贴合和发布验收为主,真机、后端和发布验收,P2,Android feature 文件
android,master-goods-android/feature/suppliers/src/main/java/com/zhihuiji/feature/suppliers/SupplierListViewModel.kt,Android 页面状态与交互,已完成待联调,功能主链大多已具备，剩余工作以真机联调、设计贴合和发布验收为主,真机、后端和发布验收,P2,Android feature 文件
android,master-goods-android/feature/suppliers/src/main/java/com/zhihuiji/feature/suppliers/SupplierStatementScreen.kt,Android 页面,已完成待联调,功能主链大多已具备，剩余工作以真机联调、设计贴合和发布验收为主,真机、后端和发布验收,P2,Android feature 文件
android,master-goods-android/feature/suppliers/src/main/java/com/zhihuiji/feature/suppliers/SupplierStatementViewModel.kt,Android 页面状态与交互,已完成待联调,功能主链大多已具备，剩余工作以真机联调、设计贴合和发布验收为主,真机、后端和发布验收,P2,Android feature 文件
android,master-goods-android/gradle/libs.versions.toml,功能文件,已完成待联调,构建配置已在用，剩余工作主要在真实 release/benchmark/部署验证,发布和构建环境验证,P3,构建配置
android,master-goods-android/settings.gradle.kts,构建配置,已完成待联调,构建配置已在用，剩余工作主要在真实 release/benchmark/部署验证,发布和构建环境验证,P3,构建配置
backend,src/main/java/com/zhihuiji/backend/ZhihuijiBackendApplication.java,后端 Java 模块,已完成待联调,当前文件主要承接已实现能力，剩余工作以系统联调和验收为主,真实环境联调,P3,后端承载文件
backend,src/main/java/com/zhihuiji/backend/api/common/ApiResponse.java,后端 DTO/请求响应模型,已完成待联调,基础模型/仓储/DTO 已在位；剩余工作主要来自上层业务闭环与验收，不在本文件单独展开,依赖上层服务联调,P3,基础承载文件
backend,src/main/java/com/zhihuiji/backend/api/common/BusinessException.java,后端 Java 模块,已完成待联调,基础模型/仓储/DTO 已在位；剩余工作主要来自上层业务闭环与验收，不在本文件单独展开,依赖上层服务联调,P3,基础承载文件
backend,src/main/java/com/zhihuiji/backend/api/common/GlobalExceptionHandler.java,后端 Java 模块,已完成待联调,基础模型/仓储/DTO 已在位；剩余工作主要来自上层业务闭环与验收，不在本文件单独展开,依赖上层服务联调,P3,基础承载文件
backend,src/main/java/com/zhihuiji/backend/api/common/IdGenerator.java,后端 Java 模块,已完成待联调,基础模型/仓储/DTO 已在位；剩余工作主要来自上层业务闭环与验收，不在本文件单独展开,依赖上层服务联调,P3,基础承载文件
backend,src/main/java/com/zhihuiji/backend/api/common/OrderStatus.java,后端 Java 模块,已完成待联调,基础模型/仓储/DTO 已在位；剩余工作主要来自上层业务闭环与验收，不在本文件单独展开,依赖上层服务联调,P3,基础承载文件
backend,src/main/java/com/zhihuiji/backend/api/common/PaginationUtils.java,后端 Java 模块,已完成待联调,基础模型/仓储/DTO 已在位；剩余工作主要来自上层业务闭环与验收，不在本文件单独展开,依赖上层服务联调,P3,基础承载文件
backend,src/main/java/com/zhihuiji/backend/api/common/ParseUtils.java,后端 Java 模块,已完成待联调,基础模型/仓储/DTO 已在位；剩余工作主要来自上层业务闭环与验收，不在本文件单独展开,依赖上层服务联调,P3,基础承载文件
backend,src/main/java/com/zhihuiji/backend/api/common/PartnerTypes.java,后端 Java 模块,已完成待联调,基础模型/仓储/DTO 已在位；剩余工作主要来自上层业务闭环与验收，不在本文件单独展开,依赖上层服务联调,P3,基础承载文件
backend,src/main/java/com/zhihuiji/backend/api/common/PayOrderStatus.java,后端 Java 模块,已完成待联调,基础模型/仓储/DTO 已在位；剩余工作主要来自上层业务闭环与验收，不在本文件单独展开,依赖上层服务联调,P3,基础承载文件
backend,src/main/java/com/zhihuiji/backend/api/common/PaymentStatus.java,后端 Java 模块,已完成待联调,基础模型/仓储/DTO 已在位；剩余工作主要来自上层业务闭环与验收，不在本文件单独展开,依赖上层服务联调,P3,基础承载文件
backend,src/main/java/com/zhihuiji/backend/api/common/PaymentType.java,后端 Java 模块,已完成待联调,基础模型/仓储/DTO 已在位；剩余工作主要来自上层业务闭环与验收，不在本文件单独展开,依赖上层服务联调,P3,基础承载文件
backend,src/main/java/com/zhihuiji/backend/api/common/PurchaseOrderStatus.java,后端 Java 模块,已完成待联调,基础模型/仓储/DTO 已在位；剩余工作主要来自上层业务闭环与验收，不在本文件单独展开,依赖上层服务联调,P3,基础承载文件
backend,src/main/java/com/zhihuiji/backend/api/common/PurchaseReceiptStatus.java,后端 Java 模块,已完成待联调,基础模型/仓储/DTO 已在位；剩余工作主要来自上层业务闭环与验收，不在本文件单独展开,依赖上层服务联调,P3,基础承载文件
backend,src/main/java/com/zhihuiji/backend/api/common/SalesReturnStatus.java,后端 Java 模块,已完成待联调,基础模型/仓储/DTO 已在位；剩余工作主要来自上层业务闭环与验收，不在本文件单独展开,依赖上层服务联调,P3,基础承载文件
backend,src/main/java/com/zhihuiji/backend/api/controller/AdminController.java,管理员本地接口控制器（账号、导入、demo/smoke）,部分完成,仍停留在 local-only `/v1/admin/*` 语义，不能替代真实 store/member RBAC 与生产管理接口,真实店员语义未后端化；仅 local profile 可用,P0,"@Profile(""local"")"
backend,src/main/java/com/zhihuiji/backend/api/controller/AuthController.java,后端接口控制器,已完成待联调,当前文件主要承接已实现能力，剩余工作以系统联调和验收为主,真实环境联调,P3,后端承载文件
backend,src/main/java/com/zhihuiji/backend/api/controller/CustomerController.java,后端接口控制器,已完成待联调,当前文件主要承接已实现能力，剩余工作以系统联调和验收为主,真实环境联调,P3,后端承载文件
backend,src/main/java/com/zhihuiji/backend/api/controller/FinanceRecordController.java,后端接口控制器,已完成待联调,当前文件主要承接已实现能力，剩余工作以系统联调和验收为主,真实环境联调,P3,后端承载文件
backend,src/main/java/com/zhihuiji/backend/api/controller/PayOrderController.java,后端接口控制器,已完成待联调,当前文件主要承接已实现能力，剩余工作以系统联调和验收为主,真实环境联调,P3,后端承载文件
backend,src/main/java/com/zhihuiji/backend/api/controller/ProductController.java,后端接口控制器,已完成待联调,当前文件主要承接已实现能力，剩余工作以系统联调和验收为主,真实环境联调,P3,后端承载文件
backend,src/main/java/com/zhihuiji/backend/api/controller/PurchaseOrderController.java,后端接口控制器,已完成待联调,当前文件主要承接已实现能力，剩余工作以系统联调和验收为主,真实环境联调,P3,后端承载文件
backend,src/main/java/com/zhihuiji/backend/api/controller/ReportController.java,后端接口控制器,已完成待联调,当前文件主要承接已实现能力，剩余工作以系统联调和验收为主,真实环境联调,P3,后端承载文件
backend,src/main/java/com/zhihuiji/backend/api/controller/SaleOrderController.java,后端接口控制器,已完成待联调,当前文件主要承接已实现能力，剩余工作以系统联调和验收为主,真实环境联调,P3,后端承载文件
backend,src/main/java/com/zhihuiji/backend/api/controller/SupplierController.java,后端接口控制器,已完成待联调,当前文件主要承接已实现能力，剩余工作以系统联调和验收为主,真实环境联调,P3,后端承载文件
backend,src/main/java/com/zhihuiji/backend/api/controller/SyncController.java,后端接口控制器,已完成待联调,当前文件主要承接已实现能力，剩余工作以系统联调和验收为主,真实环境联调,P3,后端承载文件
backend,src/main/java/com/zhihuiji/backend/api/controller/v2/V2AccountController.java,后端接口控制器,已完成待联调,接口已实现，仍需结合真实客户端、部署环境和验收证据完成闭环,真实联调/部署验收,P2,V2 接口层
backend,src/main/java/com/zhihuiji/backend/api/controller/v2/V2AccountTransferController.java,后端接口控制器,已完成待联调,接口已实现，仍需结合真实客户端、部署环境和验收证据完成闭环,真实联调/部署验收,P2,V2 接口层
backend,src/main/java/com/zhihuiji/backend/api/controller/v2/V2AgentController.java,AI 助手 V2 接口控制器,已完成待联调,接口族已齐，但真实 SSE/取消/审计/生产证据仍待补齐,后端与 Android/Web 联调、生产 profile 验收,P1,/v2/agent 入口
backend,src/main/java/com/zhihuiji/backend/api/controller/v2/V2BillFundLinkController.java,后端接口控制器,已完成待联调,接口已实现，仍需结合真实客户端、部署环境和验收证据完成闭环,真实联调/部署验收,P2,V2 接口层
backend,src/main/java/com/zhihuiji/backend/api/controller/v2/V2CustomerContactController.java,后端接口控制器,已完成待联调,接口已实现，仍需结合真实客户端、部署环境和验收证据完成闭环,真实联调/部署验收,P2,V2 接口层
backend,src/main/java/com/zhihuiji/backend/api/controller/v2/V2CustomerController.java,后端接口控制器,已完成待联调,接口已实现，仍需结合真实客户端、部署环境和验收证据完成闭环,真实联调/部署验收,P2,V2 接口层
backend,src/main/java/com/zhihuiji/backend/api/controller/v2/V2CustomerGroupController.java,后端接口控制器,已完成待联调,接口已实现，仍需结合真实客户端、部署环境和验收证据完成闭环,真实联调/部署验收,P2,V2 接口层
backend,src/main/java/com/zhihuiji/backend/api/controller/v2/V2ImportJobController.java,导入任务 V2 接口控制器,部分完成,任务创建/查询已具备，但执行器、取消后续编排和客户端联调仍未闭环,后台执行器未补；Android/Web 联调未完,P1,/v2/import-jobs
backend,src/main/java/com/zhihuiji/backend/api/controller/v2/V2InventoryController.java,后端接口控制器,已完成待联调,接口已实现，仍需结合真实客户端、部署环境和验收证据完成闭环,真实联调/部署验收,P2,V2 接口层
backend,src/main/java/com/zhihuiji/backend/api/controller/v2/V2MediaController.java,媒体资产 V2 接口控制器,已完成待联调,接口已在，但真实上传和多业务附件场景仍待验收,客户端上传链与对象存储配置,P1,/v2/media 入口
backend,src/main/java/com/zhihuiji/backend/api/controller/v2/V2PayOrderController.java,后端接口控制器,已完成待联调,接口已实现，仍需结合真实客户端、部署环境和验收证据完成闭环,真实联调/部署验收,P2,V2 接口层
backend,src/main/java/com/zhihuiji/backend/api/controller/v2/V2ProductCategoryController.java,后端接口控制器,已完成待联调,接口已实现，仍需结合真实客户端、部署环境和验收证据完成闭环,真实联调/部署验收,P2,V2 接口层
backend,src/main/java/com/zhihuiji/backend/api/controller/v2/V2ProductController.java,后端接口控制器,已完成待联调,接口已实现，仍需结合真实客户端、部署环境和验收证据完成闭环,真实联调/部署验收,P2,V2 接口层
backend,src/main/java/com/zhihuiji/backend/api/controller/v2/V2ProductPriceLevelController.java,后端接口控制器,已完成待联调,接口已实现，仍需结合真实客户端、部署环境和验收证据完成闭环,真实联调/部署验收,P2,V2 接口层
backend,src/main/java/com/zhihuiji/backend/api/controller/v2/V2ProductSupplierRelationController.java,后端接口控制器,已完成待联调,接口已实现，仍需结合真实客户端、部署环境和验收证据完成闭环,真实联调/部署验收,P2,V2 接口层
backend,src/main/java/com/zhihuiji/backend/api/controller/v2/V2ProductUnitController.java,后端接口控制器,已完成待联调,接口已实现，仍需结合真实客户端、部署环境和验收证据完成闭环,真实联调/部署验收,P2,V2 接口层
backend,src/main/java/com/zhihuiji/backend/api/controller/v2/V2PurchaseOrderController.java,后端接口控制器,已完成待联调,接口已实现，仍需结合真实客户端、部署环境和验收证据完成闭环,真实联调/部署验收,P2,V2 接口层
backend,src/main/java/com/zhihuiji/backend/api/controller/v2/V2PurchaseReceiptController.java,后端接口控制器,已完成待联调,接口已实现，仍需结合真实客户端、部署环境和验收证据完成闭环,真实联调/部署验收,P2,V2 接口层
backend,src/main/java/com/zhihuiji/backend/api/controller/v2/V2SaleOrderController.java,后端接口控制器,已完成待联调,接口已实现，仍需结合真实客户端、部署环境和验收证据完成闭环,真实联调/部署验收,P2,V2 接口层
backend,src/main/java/com/zhihuiji/backend/api/controller/v2/V2SalesReturnController.java,后端接口控制器,已完成待联调,接口已实现，仍需结合真实客户端、部署环境和验收证据完成闭环,真实联调/部署验收,P2,V2 接口层
backend,src/main/java/com/zhihuiji/backend/api/controller/v2/V2SupplierContactController.java,后端接口控制器,已完成待联调,接口已实现，仍需结合真实客户端、部署环境和验收证据完成闭环,真实联调/部署验收,P2,V2 接口层
backend,src/main/java/com/zhihuiji/backend/api/controller/v2/V2SupplierController.java,后端接口控制器,已完成待联调,接口已实现，仍需结合真实客户端、部署环境和验收证据完成闭环,真实联调/部署验收,P2,V2 接口层
backend,src/main/java/com/zhihuiji/backend/api/controller/v2/V2SupplierGroupController.java,后端接口控制器,已完成待联调,接口已实现，仍需结合真实客户端、部署环境和验收证据完成闭环,真实联调/部署验收,P2,V2 接口层
backend,src/main/java/com/zhihuiji/backend/api/controller/v2/V2SyncController.java,后端接口控制器,已完成待联调,接口已实现，仍需结合真实客户端、部署环境和验收证据完成闭环,真实联调/部署验收,P2,V2 接口层
backend,src/main/java/com/zhihuiji/backend/api/dto/FinanceRecordDto.java,后端 DTO/请求响应模型,已完成待联调,基础模型/仓储/DTO 已在位；剩余工作主要来自上层业务闭环与验收，不在本文件单独展开,依赖上层服务联调,P3,基础承载文件
backend,src/main/java/com/zhihuiji/backend/api/dto/PayOrderDto.java,后端 DTO/请求响应模型,已完成待联调,基础模型/仓储/DTO 已在位；剩余工作主要来自上层业务闭环与验收，不在本文件单独展开,依赖上层服务联调,P3,基础承载文件
backend,src/main/java/com/zhihuiji/backend/api/dto/ProductAdjustStockRequest.java,后端 DTO/请求响应模型,已完成待联调,基础模型/仓储/DTO 已在位；剩余工作主要来自上层业务闭环与验收，不在本文件单独展开,依赖上层服务联调,P3,基础承载文件
backend,src/main/java/com/zhihuiji/backend/api/dto/PurchaseOrderDto.java,后端 DTO/请求响应模型,已完成待联调,基础模型/仓储/DTO 已在位；剩余工作主要来自上层业务闭环与验收，不在本文件单独展开,依赖上层服务联调,P3,基础承载文件
backend,src/main/java/com/zhihuiji/backend/api/dto/PurchaseOrderItemDto.java,后端 DTO/请求响应模型,已完成待联调,基础模型/仓储/DTO 已在位；剩余工作主要来自上层业务闭环与验收，不在本文件单独展开,依赖上层服务联调,P3,基础承载文件
backend,src/main/java/com/zhihuiji/backend/api/dto/SaleOrderDto.java,后端 DTO/请求响应模型,已完成待联调,基础模型/仓储/DTO 已在位；剩余工作主要来自上层业务闭环与验收，不在本文件单独展开,依赖上层服务联调,P3,基础承载文件
backend,src/main/java/com/zhihuiji/backend/api/dto/SaleOrderItemDto.java,后端 DTO/请求响应模型,已完成待联调,基础模型/仓储/DTO 已在位；剩余工作主要来自上层业务闭环与验收，不在本文件单独展开,依赖上层服务联调,P3,基础承载文件
backend,src/main/java/com/zhihuiji/backend/api/dto/SaleOrderStatusRequest.java,后端 DTO/请求响应模型,已完成待联调,基础模型/仓储/DTO 已在位；剩余工作主要来自上层业务闭环与验收，不在本文件单独展开,依赖上层服务联调,P3,基础承载文件
backend,src/main/java/com/zhihuiji/backend/api/dto/SupplierDto.java,后端 DTO/请求响应模型,已完成待联调,基础模型/仓储/DTO 已在位；剩余工作主要来自上层业务闭环与验收，不在本文件单独展开,依赖上层服务联调,P3,基础承载文件
backend,src/main/java/com/zhihuiji/backend/api/dto/agent/AlertDtos.java,后端 DTO/请求响应模型,已完成待联调,基础模型/仓储/DTO 已在位；剩余工作主要来自上层业务闭环与验收，不在本文件单独展开,依赖上层服务联调,P3,基础承载文件
backend,src/main/java/com/zhihuiji/backend/api/dto/agent/AnswerDtos.java,后端 DTO/请求响应模型,已完成待联调,基础模型/仓储/DTO 已在位；剩余工作主要来自上层业务闭环与验收，不在本文件单独展开,依赖上层服务联调,P3,基础承载文件
backend,src/main/java/com/zhihuiji/backend/api/dto/agent/OperationDraftDtos.java,后端 DTO/请求响应模型,已完成待联调,基础模型/仓储/DTO 已在位；剩余工作主要来自上层业务闭环与验收，不在本文件单独展开,依赖上层服务联调,P3,基础承载文件
backend,src/main/java/com/zhihuiji/backend/api/dto/agent/ReconciliationDtos.java,后端 DTO/请求响应模型,已完成待联调,基础模型/仓储/DTO 已在位；剩余工作主要来自上层业务闭环与验收，不在本文件单独展开,依赖上层服务联调,P3,基础承载文件
backend,src/main/java/com/zhihuiji/backend/api/dto/agent/WorkbenchDtos.java,后端 DTO/请求响应模型,已完成待联调,基础模型/仓储/DTO 已在位；剩余工作主要来自上层业务闭环与验收，不在本文件单独展开,依赖上层服务联调,P3,基础承载文件
backend,src/main/java/com/zhihuiji/backend/api/dto/report/ReportDto.java,后端 DTO/请求响应模型,已完成待联调,基础模型/仓储/DTO 已在位；剩余工作主要来自上层业务闭环与验收，不在本文件单独展开,依赖上层服务联调,P3,基础承载文件
backend,src/main/java/com/zhihuiji/backend/api/dto/v2/agent/V2AgentDtos.java,后端 DTO/请求响应模型,已完成待联调,基础模型/仓储/DTO 已在位；剩余工作主要来自上层业务闭环与验收，不在本文件单独展开,依赖上层服务联调,P3,基础承载文件
backend,src/main/java/com/zhihuiji/backend/api/dto/v2/finance/V2FinanceDtos.java,后端 DTO/请求响应模型,已完成待联调,基础模型/仓储/DTO 已在位；剩余工作主要来自上层业务闭环与验收，不在本文件单独展开,依赖上层服务联调,P3,基础承载文件
backend,src/main/java/com/zhihuiji/backend/api/dto/v2/inventory/V2InventoryDtos.java,后端 DTO/请求响应模型,已完成待联调,基础模型/仓储/DTO 已在位；剩余工作主要来自上层业务闭环与验收，不在本文件单独展开,依赖上层服务联调,P3,基础承载文件
backend,src/main/java/com/zhihuiji/backend/api/dto/v2/media/V2MediaDtos.java,后端 DTO/请求响应模型,已完成待联调,基础模型/仓储/DTO 已在位；剩余工作主要来自上层业务闭环与验收，不在本文件单独展开,依赖上层服务联调,P3,基础承载文件
backend,src/main/java/com/zhihuiji/backend/api/dto/v2/partner/V2PartnerDtos.java,后端 DTO/请求响应模型,已完成待联调,基础模型/仓储/DTO 已在位；剩余工作主要来自上层业务闭环与验收，不在本文件单独展开,依赖上层服务联调,P3,基础承载文件
backend,src/main/java/com/zhihuiji/backend/api/dto/v2/pay/V2PayOrderDtos.java,后端 DTO/请求响应模型,已完成待联调,基础模型/仓储/DTO 已在位；剩余工作主要来自上层业务闭环与验收，不在本文件单独展开,依赖上层服务联调,P3,基础承载文件
backend,src/main/java/com/zhihuiji/backend/api/dto/v2/product/V2ProductDtos.java,后端 DTO/请求响应模型,已完成待联调,基础模型/仓储/DTO 已在位；剩余工作主要来自上层业务闭环与验收，不在本文件单独展开,依赖上层服务联调,P3,基础承载文件
backend,src/main/java/com/zhihuiji/backend/api/dto/v2/purchase/V2PurchaseOrderDtos.java,后端 DTO/请求响应模型,已完成待联调,基础模型/仓储/DTO 已在位；剩余工作主要来自上层业务闭环与验收，不在本文件单独展开,依赖上层服务联调,P3,基础承载文件
backend,src/main/java/com/zhihuiji/backend/api/dto/v2/purchase/V2PurchaseReceiptDtos.java,后端 DTO/请求响应模型,已完成待联调,基础模型/仓储/DTO 已在位；剩余工作主要来自上层业务闭环与验收，不在本文件单独展开,依赖上层服务联调,P3,基础承载文件
backend,src/main/java/com/zhihuiji/backend/api/dto/v2/sales/V2SaleOrderDtos.java,后端 DTO/请求响应模型,已完成待联调,基础模型/仓储/DTO 已在位；剩余工作主要来自上层业务闭环与验收，不在本文件单独展开,依赖上层服务联调,P3,基础承载文件
backend,src/main/java/com/zhihuiji/backend/api/dto/v2/sales/V2SalesReturnDtos.java,后端 DTO/请求响应模型,已完成待联调,基础模型/仓储/DTO 已在位；剩余工作主要来自上层业务闭环与验收，不在本文件单独展开,依赖上层服务联调,P3,基础承载文件
backend,src/main/java/com/zhihuiji/backend/api/dto/v2/sync/V2ImportJobDtos.java,后端 DTO/请求响应模型,已完成待联调,基础模型/仓储/DTO 已在位；剩余工作主要来自上层业务闭环与验收，不在本文件单独展开,依赖上层服务联调,P3,基础承载文件
backend,src/main/java/com/zhihuiji/backend/api/dto/v2/sync/V2SyncDtos.java,后端 DTO/请求响应模型,已完成待联调,基础模型/仓储/DTO 已在位；剩余工作主要来自上层业务闭环与验收，不在本文件单独展开,依赖上层服务联调,P3,基础承载文件
backend,src/main/java/com/zhihuiji/backend/application/service/AdminService.java,管理员本地业务服务,部分完成,承接的仍是本地 admin/demo 能力，未形成生产级门店成员/RBAC 服务层,缺少 `/v2/stores/current/members` 真实服务模型,P0,owner/admin 语义并存
backend,src/main/java/com/zhihuiji/backend/application/service/AuthService.java,后端业务服务,已完成待联调,旧版/兼容业务服务仍需结合真实链路验证，部分能力最终要被 V2/正式门店语义收口,兼容层与正式 V2 口径并行,P2,兼容/基础服务
backend,src/main/java/com/zhihuiji/backend/application/service/CurrentOwnerService.java,后端业务服务,已完成待联调,旧版/兼容业务服务仍需结合真实链路验证，部分能力最终要被 V2/正式门店语义收口,兼容层与正式 V2 口径并行,P2,兼容/基础服务
backend,src/main/java/com/zhihuiji/backend/application/service/CustomerService.java,后端业务服务,已完成待联调,旧版/兼容业务服务仍需结合真实链路验证，部分能力最终要被 V2/正式门店语义收口,兼容层与正式 V2 口径并行,P2,兼容/基础服务
backend,src/main/java/com/zhihuiji/backend/application/service/DemoDataService.java,本地演示数据灌入服务,部分完成,仅服务 local/demo 侧验证，不能作为生产 AI/门店能力闭环的一部分,生产链路需与 demo 完全隔离,P2,demo-only
backend,src/main/java/com/zhihuiji/backend/application/service/FinanceRecordService.java,后端业务服务,已完成待联调,旧版/兼容业务服务仍需结合真实链路验证，部分能力最终要被 V2/正式门店语义收口,兼容层与正式 V2 口径并行,P2,兼容/基础服务
backend,src/main/java/com/zhihuiji/backend/application/service/LegacySQLiteImportService.java,后端业务服务,已完成待联调,旧版/兼容业务服务仍需结合真实链路验证，部分能力最终要被 V2/正式门店语义收口,兼容层与正式 V2 口径并行,P2,兼容/基础服务
backend,src/main/java/com/zhihuiji/backend/application/service/PayOrderService.java,后端业务服务,已完成待联调,旧版/兼容业务服务仍需结合真实链路验证，部分能力最终要被 V2/正式门店语义收口,兼容层与正式 V2 口径并行,P2,兼容/基础服务
backend,src/main/java/com/zhihuiji/backend/application/service/ProductService.java,后端业务服务,已完成待联调,旧版/兼容业务服务仍需结合真实链路验证，部分能力最终要被 V2/正式门店语义收口,兼容层与正式 V2 口径并行,P2,兼容/基础服务
backend,src/main/java/com/zhihuiji/backend/application/service/PurchaseOrderService.java,后端业务服务,已完成待联调,旧版/兼容业务服务仍需结合真实链路验证，部分能力最终要被 V2/正式门店语义收口,兼容层与正式 V2 口径并行,P2,兼容/基础服务
backend,src/main/java/com/zhihuiji/backend/application/service/ReportService.java,后端业务服务,已完成待联调,旧版/兼容业务服务仍需结合真实链路验证，部分能力最终要被 V2/正式门店语义收口,兼容层与正式 V2 口径并行,P2,兼容/基础服务
backend,src/main/java/com/zhihuiji/backend/application/service/SaleOrderService.java,后端业务服务,已完成待联调,旧版/兼容业务服务仍需结合真实链路验证，部分能力最终要被 V2/正式门店语义收口,兼容层与正式 V2 口径并行,P2,兼容/基础服务
backend,src/main/java/com/zhihuiji/backend/application/service/SessionAccessService.java,后端业务服务,已完成待联调,旧版/兼容业务服务仍需结合真实链路验证，部分能力最终要被 V2/正式门店语义收口,兼容层与正式 V2 口径并行,P2,兼容/基础服务
backend,src/main/java/com/zhihuiji/backend/application/service/SupplierService.java,后端业务服务,已完成待联调,旧版/兼容业务服务仍需结合真实链路验证，部分能力最终要被 V2/正式门店语义收口,兼容层与正式 V2 口径并行,P2,兼容/基础服务
backend,src/main/java/com/zhihuiji/backend/application/service/SyncService.java,后端业务服务,已完成待联调,旧版/兼容业务服务仍需结合真实链路验证，部分能力最终要被 V2/正式门店语义收口,兼容层与正式 V2 口径并行,P2,兼容/基础服务
backend,src/main/java/com/zhihuiji/backend/application/service/v2/V2AccountService.java,后端业务服务,已完成待联调,核心服务已具备，仍需在真实业务数据、客户端和部署环境验证,真实业务联调与验收,P2,V2 服务层
backend,src/main/java/com/zhihuiji/backend/application/service/v2/V2AccountTransferService.java,后端业务服务,已完成待联调,核心服务已具备，仍需在真实业务数据、客户端和部署环境验证,真实业务联调与验收,P2,V2 服务层
backend,src/main/java/com/zhihuiji/backend/application/service/v2/V2AgentAiService.java,AI 助手运行编排与 SSE 主服务,部分完成,草稿真实执行闭环、真实 provider 流式证据、取消链路真机与生产验收仍未完成,AI 端到端证据、provider 配置、Android 真机验收,P1,AI 主链文件
backend,src/main/java/com/zhihuiji/backend/application/service/v2/V2AgentConversationService.java,后端业务服务,已完成待联调,核心服务已具备，仍需在真实业务数据、客户端和部署环境验证,真实业务联调与验收,P1,V2 服务层
backend,src/main/java/com/zhihuiji/backend/application/service/v2/V2BillFundLinkService.java,后端业务服务,已完成待联调,核心服务已具备，仍需在真实业务数据、客户端和部署环境验证,真实业务联调与验收,P2,V2 服务层
backend,src/main/java/com/zhihuiji/backend/application/service/v2/V2CustomerService.java,后端业务服务,已完成待联调,核心服务已具备，仍需在真实业务数据、客户端和部署环境验证,真实业务联调与验收,P2,V2 服务层
backend,src/main/java/com/zhihuiji/backend/application/service/v2/V2ImportJobService.java,导入任务服务,部分完成,导入任务模型已落地，但后台执行器/完整运行编排仍未补齐,sync/import 后台 worker 未实现,P1,import jobs 首轮
backend,src/main/java/com/zhihuiji/backend/application/service/v2/V2InventoryService.java,后端业务服务,已完成待联调,核心服务已具备，仍需在真实业务数据、客户端和部署环境验证,真实业务联调与验收,P2,V2 服务层
backend,src/main/java/com/zhihuiji/backend/application/service/v2/V2MediaService.java,媒体资产与绑定服务,已完成待联调,真实上传链、业务挂接和客户端联调仍未完成,媒体上传存储链与业务绑定联调,P1,media 首轮合同
backend,src/main/java/com/zhihuiji/backend/application/service/v2/V2PartnerContactService.java,后端业务服务,已完成待联调,核心服务已具备，仍需在真实业务数据、客户端和部署环境验证,真实业务联调与验收,P2,V2 服务层
backend,src/main/java/com/zhihuiji/backend/application/service/v2/V2PartnerGroupService.java,后端业务服务,已完成待联调,核心服务已具备，仍需在真实业务数据、客户端和部署环境验证,真实业务联调与验收,P2,V2 服务层
backend,src/main/java/com/zhihuiji/backend/application/service/v2/V2PayOrderService.java,后端业务服务,已完成待联调,核心服务已具备，仍需在真实业务数据、客户端和部署环境验证,真实业务联调与验收,P2,V2 服务层
backend,src/main/java/com/zhihuiji/backend/application/service/v2/V2ProductCategoryService.java,后端业务服务,已完成待联调,核心服务已具备，仍需在真实业务数据、客户端和部署环境验证,真实业务联调与验收,P2,V2 服务层
backend,src/main/java/com/zhihuiji/backend/application/service/v2/V2ProductPriceLevelService.java,后端业务服务,已完成待联调,核心服务已具备，仍需在真实业务数据、客户端和部署环境验证,真实业务联调与验收,P2,V2 服务层
backend,src/main/java/com/zhihuiji/backend/application/service/v2/V2ProductService.java,后端业务服务,已完成待联调,核心服务已具备，仍需在真实业务数据、客户端和部署环境验证,真实业务联调与验收,P2,V2 服务层
backend,src/main/java/com/zhihuiji/backend/application/service/v2/V2ProductSupplierRelationService.java,后端业务服务,已完成待联调,核心服务已具备，仍需在真实业务数据、客户端和部署环境验证,真实业务联调与验收,P2,V2 服务层
backend,src/main/java/com/zhihuiji/backend/application/service/v2/V2ProductUnitService.java,后端业务服务,已完成待联调,核心服务已具备，仍需在真实业务数据、客户端和部署环境验证,真实业务联调与验收,P2,V2 服务层
backend,src/main/java/com/zhihuiji/backend/application/service/v2/V2PurchaseOrderService.java,后端业务服务,已完成待联调,核心服务已具备，仍需在真实业务数据、客户端和部署环境验证,真实业务联调与验收,P2,V2 服务层
backend,src/main/java/com/zhihuiji/backend/application/service/v2/V2PurchaseReceiptService.java,后端业务服务,已完成待联调,核心服务已具备，仍需在真实业务数据、客户端和部署环境验证,真实业务联调与验收,P2,V2 服务层
backend,src/main/java/com/zhihuiji/backend/application/service/v2/V2SaleOrderService.java,后端业务服务,已完成待联调,核心服务已具备，仍需在真实业务数据、客户端和部署环境验证,真实业务联调与验收,P2,V2 服务层
backend,src/main/java/com/zhihuiji/backend/application/service/v2/V2SalesReturnService.java,后端业务服务,已完成待联调,核心服务已具备，仍需在真实业务数据、客户端和部署环境验证,真实业务联调与验收,P2,V2 服务层
backend,src/main/java/com/zhihuiji/backend/application/service/v2/V2SupplierService.java,后端业务服务,已完成待联调,核心服务已具备，仍需在真实业务数据、客户端和部署环境验证,真实业务联调与验收,P2,V2 服务层
backend,src/main/java/com/zhihuiji/backend/application/service/v2/V2SyncService.java,后端业务服务,已完成待联调,核心服务已具备，仍需在真实业务数据、客户端和部署环境验证,真实业务联调与验收,P2,V2 服务层
backend,src/main/java/com/zhihuiji/backend/domain/entity/AccountEntity.java,后端持久化实体,已完成待联调,基础模型/仓储/DTO 已在位；剩余工作主要来自上层业务闭环与验收，不在本文件单独展开,依赖上层服务联调,P3,基础承载文件
backend,src/main/java/com/zhihuiji/backend/domain/entity/AccountTransferEntity.java,后端持久化实体,已完成待联调,基础模型/仓储/DTO 已在位；剩余工作主要来自上层业务闭环与验收，不在本文件单独展开,依赖上层服务联调,P3,基础承载文件
backend,src/main/java/com/zhihuiji/backend/domain/entity/AgentConversationEntity.java,后端持久化实体,已完成待联调,基础模型/仓储/DTO 已在位；剩余工作主要来自上层业务闭环与验收，不在本文件单独展开,依赖上层服务联调,P3,基础承载文件
backend,src/main/java/com/zhihuiji/backend/domain/entity/AgentDraftEntity.java,后端持久化实体,已完成待联调,基础模型/仓储/DTO 已在位；剩余工作主要来自上层业务闭环与验收，不在本文件单独展开,依赖上层服务联调,P3,基础承载文件
backend,src/main/java/com/zhihuiji/backend/domain/entity/AgentMessageEntity.java,后端持久化实体,已完成待联调,基础模型/仓储/DTO 已在位；剩余工作主要来自上层业务闭环与验收，不在本文件单独展开,依赖上层服务联调,P3,基础承载文件
backend,src/main/java/com/zhihuiji/backend/domain/entity/AgentNotificationEntity.java,后端持久化实体,已完成待联调,基础模型/仓储/DTO 已在位；剩余工作主要来自上层业务闭环与验收，不在本文件单独展开,依赖上层服务联调,P3,基础承载文件
backend,src/main/java/com/zhihuiji/backend/domain/entity/AgentRunAuditEntity.java,后端持久化实体,已完成待联调,基础模型/仓储/DTO 已在位；剩余工作主要来自上层业务闭环与验收，不在本文件单独展开,依赖上层服务联调,P3,基础承载文件
backend,src/main/java/com/zhihuiji/backend/domain/entity/AgentRunAuditEventEntity.java,后端持久化实体,已完成待联调,基础模型/仓储/DTO 已在位；剩余工作主要来自上层业务闭环与验收，不在本文件单独展开,依赖上层服务联调,P3,基础承载文件
backend,src/main/java/com/zhihuiji/backend/domain/entity/AgentTaskEntity.java,后端持久化实体,已完成待联调,基础模型/仓储/DTO 已在位；剩余工作主要来自上层业务闭环与验收，不在本文件单独展开,依赖上层服务联调,P3,基础承载文件
backend,src/main/java/com/zhihuiji/backend/domain/entity/BillFundLinkEntity.java,后端持久化实体,已完成待联调,基础模型/仓储/DTO 已在位；剩余工作主要来自上层业务闭环与验收，不在本文件单独展开,依赖上层服务联调,P3,基础承载文件
backend,src/main/java/com/zhihuiji/backend/domain/entity/CashChangeRecordEntity.java,后端持久化实体,已完成待联调,基础模型/仓储/DTO 已在位；剩余工作主要来自上层业务闭环与验收，不在本文件单独展开,依赖上层服务联调,P3,基础承载文件
backend,src/main/java/com/zhihuiji/backend/domain/entity/CustomerEntity.java,后端持久化实体,已完成待联调,基础模型/仓储/DTO 已在位；剩余工作主要来自上层业务闭环与验收，不在本文件单独展开,依赖上层服务联调,P3,基础承载文件
backend,src/main/java/com/zhihuiji/backend/domain/entity/FinanceRecordEntity.java,后端持久化实体,已完成待联调,基础模型/仓储/DTO 已在位；剩余工作主要来自上层业务闭环与验收，不在本文件单独展开,依赖上层服务联调,P3,基础承载文件
backend,src/main/java/com/zhihuiji/backend/domain/entity/ImportJobEntity.java,后端持久化实体,已完成待联调,基础模型/仓储/DTO 已在位；剩余工作主要来自上层业务闭环与验收，不在本文件单独展开,依赖上层服务联调,P3,基础承载文件
backend,src/main/java/com/zhihuiji/backend/domain/entity/InventoryAdjustmentEntity.java,后端持久化实体,已完成待联调,基础模型/仓储/DTO 已在位；剩余工作主要来自上层业务闭环与验收，不在本文件单独展开,依赖上层服务联调,P3,基础承载文件
backend,src/main/java/com/zhihuiji/backend/domain/entity/InventoryLedgerEntity.java,后端持久化实体,已完成待联调,基础模型/仓储/DTO 已在位；剩余工作主要来自上层业务闭环与验收，不在本文件单独展开,依赖上层服务联调,P3,基础承载文件
backend,src/main/java/com/zhihuiji/backend/domain/entity/InventoryMonthlyStatsEntity.java,后端持久化实体,已完成待联调,基础模型/仓储/DTO 已在位；剩余工作主要来自上层业务闭环与验收，不在本文件单独展开,依赖上层服务联调,P3,基础承载文件
backend,src/main/java/com/zhihuiji/backend/domain/entity/InventorySnapshotEntity.java,后端持久化实体,已完成待联调,基础模型/仓储/DTO 已在位；剩余工作主要来自上层业务闭环与验收，不在本文件单独展开,依赖上层服务联调,P3,基础承载文件
backend,src/main/java/com/zhihuiji/backend/domain/entity/MediaAssetEntity.java,后端持久化实体,已完成待联调,基础模型/仓储/DTO 已在位；剩余工作主要来自上层业务闭环与验收，不在本文件单独展开,依赖上层服务联调,P3,基础承载文件
backend,src/main/java/com/zhihuiji/backend/domain/entity/MediaBindingEntity.java,后端持久化实体,已完成待联调,基础模型/仓储/DTO 已在位；剩余工作主要来自上层业务闭环与验收，不在本文件单独展开,依赖上层服务联调,P3,基础承载文件
backend,src/main/java/com/zhihuiji/backend/domain/entity/PartnerContactEntity.java,后端持久化实体,已完成待联调,基础模型/仓储/DTO 已在位；剩余工作主要来自上层业务闭环与验收，不在本文件单独展开,依赖上层服务联调,P3,基础承载文件
backend,src/main/java/com/zhihuiji/backend/domain/entity/PartnerGroupEntity.java,后端持久化实体,已完成待联调,基础模型/仓储/DTO 已在位；剩余工作主要来自上层业务闭环与验收，不在本文件单独展开,依赖上层服务联调,P3,基础承载文件
backend,src/main/java/com/zhihuiji/backend/domain/entity/PayOrderEntity.java,后端持久化实体,已完成待联调,基础模型/仓储/DTO 已在位；剩余工作主要来自上层业务闭环与验收，不在本文件单独展开,依赖上层服务联调,P3,基础承载文件
backend,src/main/java/com/zhihuiji/backend/domain/entity/PaymentEntity.java,后端持久化实体,已完成待联调,基础模型/仓储/DTO 已在位；剩余工作主要来自上层业务闭环与验收，不在本文件单独展开,依赖上层服务联调,P3,基础承载文件
backend,src/main/java/com/zhihuiji/backend/domain/entity/ProductCategoryEntity.java,后端持久化实体,已完成待联调,基础模型/仓储/DTO 已在位；剩余工作主要来自上层业务闭环与验收，不在本文件单独展开,依赖上层服务联调,P3,基础承载文件
backend,src/main/java/com/zhihuiji/backend/domain/entity/ProductEntity.java,后端持久化实体,已完成待联调,基础模型/仓储/DTO 已在位；剩余工作主要来自上层业务闭环与验收，不在本文件单独展开,依赖上层服务联调,P3,基础承载文件
backend,src/main/java/com/zhihuiji/backend/domain/entity/ProductPriceLevelEntity.java,后端持久化实体,已完成待联调,基础模型/仓储/DTO 已在位；剩余工作主要来自上层业务闭环与验收，不在本文件单独展开,依赖上层服务联调,P3,基础承载文件
backend,src/main/java/com/zhihuiji/backend/domain/entity/ProductSupplierRelationEntity.java,后端持久化实体,已完成待联调,基础模型/仓储/DTO 已在位；剩余工作主要来自上层业务闭环与验收，不在本文件单独展开,依赖上层服务联调,P3,基础承载文件
backend,src/main/java/com/zhihuiji/backend/domain/entity/ProductUnitEntity.java,后端持久化实体,已完成待联调,基础模型/仓储/DTO 已在位；剩余工作主要来自上层业务闭环与验收，不在本文件单独展开,依赖上层服务联调,P3,基础承载文件
backend,src/main/java/com/zhihuiji/backend/domain/entity/PurchaseOrderEntity.java,后端持久化实体,已完成待联调,基础模型/仓储/DTO 已在位；剩余工作主要来自上层业务闭环与验收，不在本文件单独展开,依赖上层服务联调,P3,基础承载文件
backend,src/main/java/com/zhihuiji/backend/domain/entity/PurchaseOrderItemEntity.java,后端持久化实体,已完成待联调,基础模型/仓储/DTO 已在位；剩余工作主要来自上层业务闭环与验收，不在本文件单独展开,依赖上层服务联调,P3,基础承载文件
backend,src/main/java/com/zhihuiji/backend/domain/entity/PurchaseReceiptEntity.java,后端持久化实体,已完成待联调,基础模型/仓储/DTO 已在位；剩余工作主要来自上层业务闭环与验收，不在本文件单独展开,依赖上层服务联调,P3,基础承载文件
backend,src/main/java/com/zhihuiji/backend/domain/entity/PurchaseReceiptItemEntity.java,后端持久化实体,已完成待联调,基础模型/仓储/DTO 已在位；剩余工作主要来自上层业务闭环与验收，不在本文件单独展开,依赖上层服务联调,P3,基础承载文件
backend,src/main/java/com/zhihuiji/backend/domain/entity/SaleOrderEntity.java,后端持久化实体,已完成待联调,基础模型/仓储/DTO 已在位；剩余工作主要来自上层业务闭环与验收，不在本文件单独展开,依赖上层服务联调,P3,基础承载文件
backend,src/main/java/com/zhihuiji/backend/domain/entity/SaleOrderItemEntity.java,后端持久化实体,已完成待联调,基础模型/仓储/DTO 已在位；剩余工作主要来自上层业务闭环与验收，不在本文件单独展开,依赖上层服务联调,P3,基础承载文件
backend,src/main/java/com/zhihuiji/backend/domain/entity/SalesReturnEntity.java,后端持久化实体,已完成待联调,基础模型/仓储/DTO 已在位；剩余工作主要来自上层业务闭环与验收，不在本文件单独展开,依赖上层服务联调,P3,基础承载文件
backend,src/main/java/com/zhihuiji/backend/domain/entity/SalesReturnItemEntity.java,后端持久化实体,已完成待联调,基础模型/仓储/DTO 已在位；剩余工作主要来自上层业务闭环与验收，不在本文件单独展开,依赖上层服务联调,P3,基础承载文件
backend,src/main/java/com/zhihuiji/backend/domain/entity/SessionEntity.java,后端持久化实体,已完成待联调,基础模型/仓储/DTO 已在位；剩余工作主要来自上层业务闭环与验收，不在本文件单独展开,依赖上层服务联调,P3,基础承载文件
backend,src/main/java/com/zhihuiji/backend/domain/entity/SupplierEntity.java,后端持久化实体,已完成待联调,基础模型/仓储/DTO 已在位；剩余工作主要来自上层业务闭环与验收，不在本文件单独展开,依赖上层服务联调,P3,基础承载文件
backend,src/main/java/com/zhihuiji/backend/domain/entity/SyncCursorEntity.java,后端持久化实体,已完成待联调,基础模型/仓储/DTO 已在位；剩余工作主要来自上层业务闭环与验收，不在本文件单独展开,依赖上层服务联调,P3,基础承载文件
backend,src/main/java/com/zhihuiji/backend/domain/entity/SyncCursorId.java,后端 Java 模块,已完成待联调,基础模型/仓储/DTO 已在位；剩余工作主要来自上层业务闭环与验收，不在本文件单独展开,依赖上层服务联调,P3,基础承载文件
backend,src/main/java/com/zhihuiji/backend/domain/entity/UserEntity.java,后端持久化实体,已完成待联调,基础模型/仓储/DTO 已在位；剩余工作主要来自上层业务闭环与验收，不在本文件单独展开,依赖上层服务联调,P3,基础承载文件
backend,src/main/java/com/zhihuiji/backend/infrastructure/ai/LongCatAnthropicClient.java,后端 Java 模块,已完成待联调,基础设施层已具备，但仍需随真实部署、provider 和安全验收继续校准,部署/安全/AI provider 验收,P1,基础设施层
backend,src/main/java/com/zhihuiji/backend/infrastructure/config/AgentLlmProperties.java,后端配置模块,已完成待联调,基础设施层已具备，但仍需随真实部署、provider 和安全验收继续校准,部署/安全/AI provider 验收,P1,基础设施层
backend,src/main/java/com/zhihuiji/backend/infrastructure/config/HttpClientConfig.java,后端配置模块,已完成待联调,基础设施层已具备，但仍需随真实部署、provider 和安全验收继续校准,部署/安全/AI provider 验收,P2,基础设施层
backend,src/main/java/com/zhihuiji/backend/infrastructure/config/LocalDemoDataInitializer.java,本地启动时 demo 数据初始化器,部分完成,仅适用于本地演示，不构成生产初始化策略,生产部署不得依赖 demo 初始化,P2,local demo seed
backend,src/main/java/com/zhihuiji/backend/infrastructure/config/SecurityConfig.java,后端配置模块,已完成待联调,基础设施层已具备，但仍需随真实部署、provider 和安全验收继续校准,部署/安全/AI provider 验收,P2,基础设施层
backend,src/main/java/com/zhihuiji/backend/infrastructure/repository/AccountRepository.java,后端数据访问,已完成待联调,基础模型/仓储/DTO 已在位；剩余工作主要来自上层业务闭环与验收，不在本文件单独展开,依赖上层服务联调,P3,基础承载文件
backend,src/main/java/com/zhihuiji/backend/infrastructure/repository/AccountTransferRepository.java,后端数据访问,已完成待联调,基础模型/仓储/DTO 已在位；剩余工作主要来自上层业务闭环与验收，不在本文件单独展开,依赖上层服务联调,P3,基础承载文件
backend,src/main/java/com/zhihuiji/backend/infrastructure/repository/AgentConversationRepository.java,后端数据访问,已完成待联调,基础模型/仓储/DTO 已在位；剩余工作主要来自上层业务闭环与验收，不在本文件单独展开,依赖上层服务联调,P3,基础承载文件
backend,src/main/java/com/zhihuiji/backend/infrastructure/repository/AgentDraftRepository.java,后端数据访问,已完成待联调,基础模型/仓储/DTO 已在位；剩余工作主要来自上层业务闭环与验收，不在本文件单独展开,依赖上层服务联调,P3,基础承载文件
backend,src/main/java/com/zhihuiji/backend/infrastructure/repository/AgentMessageRepository.java,后端数据访问,已完成待联调,基础模型/仓储/DTO 已在位；剩余工作主要来自上层业务闭环与验收，不在本文件单独展开,依赖上层服务联调,P3,基础承载文件
backend,src/main/java/com/zhihuiji/backend/infrastructure/repository/AgentNotificationRepository.java,后端数据访问,已完成待联调,基础模型/仓储/DTO 已在位；剩余工作主要来自上层业务闭环与验收，不在本文件单独展开,依赖上层服务联调,P3,基础承载文件
backend,src/main/java/com/zhihuiji/backend/infrastructure/repository/AgentRunAuditEventRepository.java,后端数据访问,已完成待联调,基础模型/仓储/DTO 已在位；剩余工作主要来自上层业务闭环与验收，不在本文件单独展开,依赖上层服务联调,P3,基础承载文件
backend,src/main/java/com/zhihuiji/backend/infrastructure/repository/AgentRunAuditRepository.java,后端数据访问,已完成待联调,基础模型/仓储/DTO 已在位；剩余工作主要来自上层业务闭环与验收，不在本文件单独展开,依赖上层服务联调,P3,基础承载文件
backend,src/main/java/com/zhihuiji/backend/infrastructure/repository/AgentTaskRepository.java,后端数据访问,已完成待联调,基础模型/仓储/DTO 已在位；剩余工作主要来自上层业务闭环与验收，不在本文件单独展开,依赖上层服务联调,P3,基础承载文件
backend,src/main/java/com/zhihuiji/backend/infrastructure/repository/BillFundLinkRepository.java,后端数据访问,已完成待联调,基础模型/仓储/DTO 已在位；剩余工作主要来自上层业务闭环与验收，不在本文件单独展开,依赖上层服务联调,P3,基础承载文件
backend,src/main/java/com/zhihuiji/backend/infrastructure/repository/CashChangeRecordRepository.java,后端数据访问,已完成待联调,基础模型/仓储/DTO 已在位；剩余工作主要来自上层业务闭环与验收，不在本文件单独展开,依赖上层服务联调,P3,基础承载文件
backend,src/main/java/com/zhihuiji/backend/infrastructure/repository/CustomerRepository.java,后端数据访问,已完成待联调,基础模型/仓储/DTO 已在位；剩余工作主要来自上层业务闭环与验收，不在本文件单独展开,依赖上层服务联调,P3,基础承载文件
backend,src/main/java/com/zhihuiji/backend/infrastructure/repository/FinanceRecordRepository.java,后端数据访问,已完成待联调,基础模型/仓储/DTO 已在位；剩余工作主要来自上层业务闭环与验收，不在本文件单独展开,依赖上层服务联调,P3,基础承载文件
backend,src/main/java/com/zhihuiji/backend/infrastructure/repository/ImportJobRepository.java,后端数据访问,已完成待联调,基础模型/仓储/DTO 已在位；剩余工作主要来自上层业务闭环与验收，不在本文件单独展开,依赖上层服务联调,P3,基础承载文件
backend,src/main/java/com/zhihuiji/backend/infrastructure/repository/InventoryAdjustmentRepository.java,后端数据访问,已完成待联调,基础模型/仓储/DTO 已在位；剩余工作主要来自上层业务闭环与验收，不在本文件单独展开,依赖上层服务联调,P3,基础承载文件
backend,src/main/java/com/zhihuiji/backend/infrastructure/repository/InventoryLedgerRepository.java,后端数据访问,已完成待联调,基础模型/仓储/DTO 已在位；剩余工作主要来自上层业务闭环与验收，不在本文件单独展开,依赖上层服务联调,P3,基础承载文件
backend,src/main/java/com/zhihuiji/backend/infrastructure/repository/InventoryMonthlyStatsRepository.java,后端数据访问,已完成待联调,基础模型/仓储/DTO 已在位；剩余工作主要来自上层业务闭环与验收，不在本文件单独展开,依赖上层服务联调,P3,基础承载文件
backend,src/main/java/com/zhihuiji/backend/infrastructure/repository/InventorySnapshotRepository.java,后端数据访问,已完成待联调,基础模型/仓储/DTO 已在位；剩余工作主要来自上层业务闭环与验收，不在本文件单独展开,依赖上层服务联调,P3,基础承载文件
backend,src/main/java/com/zhihuiji/backend/infrastructure/repository/MediaAssetRepository.java,后端数据访问,已完成待联调,基础模型/仓储/DTO 已在位；剩余工作主要来自上层业务闭环与验收，不在本文件单独展开,依赖上层服务联调,P3,基础承载文件
backend,src/main/java/com/zhihuiji/backend/infrastructure/repository/MediaBindingRepository.java,后端数据访问,已完成待联调,基础模型/仓储/DTO 已在位；剩余工作主要来自上层业务闭环与验收，不在本文件单独展开,依赖上层服务联调,P3,基础承载文件
backend,src/main/java/com/zhihuiji/backend/infrastructure/repository/PartnerContactRepository.java,后端数据访问,已完成待联调,基础模型/仓储/DTO 已在位；剩余工作主要来自上层业务闭环与验收，不在本文件单独展开,依赖上层服务联调,P3,基础承载文件
backend,src/main/java/com/zhihuiji/backend/infrastructure/repository/PartnerGroupRepository.java,后端数据访问,已完成待联调,基础模型/仓储/DTO 已在位；剩余工作主要来自上层业务闭环与验收，不在本文件单独展开,依赖上层服务联调,P3,基础承载文件
backend,src/main/java/com/zhihuiji/backend/infrastructure/repository/PayOrderRepository.java,后端数据访问,已完成待联调,基础模型/仓储/DTO 已在位；剩余工作主要来自上层业务闭环与验收，不在本文件单独展开,依赖上层服务联调,P3,基础承载文件
backend,src/main/java/com/zhihuiji/backend/infrastructure/repository/PaymentRepository.java,后端数据访问,已完成待联调,基础模型/仓储/DTO 已在位；剩余工作主要来自上层业务闭环与验收，不在本文件单独展开,依赖上层服务联调,P3,基础承载文件
backend,src/main/java/com/zhihuiji/backend/infrastructure/repository/ProductCategoryRepository.java,后端数据访问,已完成待联调,基础模型/仓储/DTO 已在位；剩余工作主要来自上层业务闭环与验收，不在本文件单独展开,依赖上层服务联调,P3,基础承载文件
backend,src/main/java/com/zhihuiji/backend/infrastructure/repository/ProductPriceLevelRepository.java,后端数据访问,已完成待联调,基础模型/仓储/DTO 已在位；剩余工作主要来自上层业务闭环与验收，不在本文件单独展开,依赖上层服务联调,P3,基础承载文件
backend,src/main/java/com/zhihuiji/backend/infrastructure/repository/ProductRepository.java,后端数据访问,已完成待联调,基础模型/仓储/DTO 已在位；剩余工作主要来自上层业务闭环与验收，不在本文件单独展开,依赖上层服务联调,P3,基础承载文件
backend,src/main/java/com/zhihuiji/backend/infrastructure/repository/ProductSupplierRelationRepository.java,后端数据访问,已完成待联调,基础模型/仓储/DTO 已在位；剩余工作主要来自上层业务闭环与验收，不在本文件单独展开,依赖上层服务联调,P3,基础承载文件
backend,src/main/java/com/zhihuiji/backend/infrastructure/repository/ProductUnitRepository.java,后端数据访问,已完成待联调,基础模型/仓储/DTO 已在位；剩余工作主要来自上层业务闭环与验收，不在本文件单独展开,依赖上层服务联调,P3,基础承载文件
backend,src/main/java/com/zhihuiji/backend/infrastructure/repository/PurchaseOrderItemRepository.java,后端数据访问,已完成待联调,基础模型/仓储/DTO 已在位；剩余工作主要来自上层业务闭环与验收，不在本文件单独展开,依赖上层服务联调,P3,基础承载文件
backend,src/main/java/com/zhihuiji/backend/infrastructure/repository/PurchaseOrderRepository.java,后端数据访问,已完成待联调,基础模型/仓储/DTO 已在位；剩余工作主要来自上层业务闭环与验收，不在本文件单独展开,依赖上层服务联调,P3,基础承载文件
backend,src/main/java/com/zhihuiji/backend/infrastructure/repository/PurchaseReceiptItemRepository.java,后端数据访问,已完成待联调,基础模型/仓储/DTO 已在位；剩余工作主要来自上层业务闭环与验收，不在本文件单独展开,依赖上层服务联调,P3,基础承载文件
backend,src/main/java/com/zhihuiji/backend/infrastructure/repository/PurchaseReceiptRepository.java,后端数据访问,已完成待联调,基础模型/仓储/DTO 已在位；剩余工作主要来自上层业务闭环与验收，不在本文件单独展开,依赖上层服务联调,P3,基础承载文件
backend,src/main/java/com/zhihuiji/backend/infrastructure/repository/SaleOrderItemRepository.java,后端数据访问,已完成待联调,基础模型/仓储/DTO 已在位；剩余工作主要来自上层业务闭环与验收，不在本文件单独展开,依赖上层服务联调,P3,基础承载文件
backend,src/main/java/com/zhihuiji/backend/infrastructure/repository/SaleOrderRepository.java,后端数据访问,已完成待联调,基础模型/仓储/DTO 已在位；剩余工作主要来自上层业务闭环与验收，不在本文件单独展开,依赖上层服务联调,P3,基础承载文件
backend,src/main/java/com/zhihuiji/backend/infrastructure/repository/SalesReturnItemRepository.java,后端数据访问,已完成待联调,基础模型/仓储/DTO 已在位；剩余工作主要来自上层业务闭环与验收，不在本文件单独展开,依赖上层服务联调,P3,基础承载文件
backend,src/main/java/com/zhihuiji/backend/infrastructure/repository/SalesReturnRepository.java,后端数据访问,已完成待联调,基础模型/仓储/DTO 已在位；剩余工作主要来自上层业务闭环与验收，不在本文件单独展开,依赖上层服务联调,P3,基础承载文件
backend,src/main/java/com/zhihuiji/backend/infrastructure/repository/SessionRepository.java,后端数据访问,已完成待联调,基础模型/仓储/DTO 已在位；剩余工作主要来自上层业务闭环与验收，不在本文件单独展开,依赖上层服务联调,P3,基础承载文件
backend,src/main/java/com/zhihuiji/backend/infrastructure/repository/SupplierRepository.java,后端数据访问,已完成待联调,基础模型/仓储/DTO 已在位；剩余工作主要来自上层业务闭环与验收，不在本文件单独展开,依赖上层服务联调,P3,基础承载文件
backend,src/main/java/com/zhihuiji/backend/infrastructure/repository/SyncCursorRepository.java,后端数据访问,已完成待联调,基础模型/仓储/DTO 已在位；剩余工作主要来自上层业务闭环与验收，不在本文件单独展开,依赖上层服务联调,P3,基础承载文件
backend,src/main/java/com/zhihuiji/backend/infrastructure/repository/UserRepository.java,后端数据访问,已完成待联调,基础模型/仓储/DTO 已在位；剩余工作主要来自上层业务闭环与验收，不在本文件单独展开,依赖上层服务联调,P3,基础承载文件
backend,src/main/java/com/zhihuiji/backend/infrastructure/security/TokenAuthenticationFilter.java,后端 Java 模块,已完成待联调,基础设施层已具备，但仍需随真实部署、provider 和安全验收继续校准,部署/安全/AI provider 验收,P2,基础设施层
backend,src/main/java/com/zhihuiji/backend/infrastructure/security/TokenService.java,后端业务服务,已完成待联调,基础设施层已具备，但仍需随真实部署、provider 和安全验收继续校准,部署/安全/AI provider 验收,P2,基础设施层
config,src/main/resources/application-local.yml,本地环境配置,部分完成,保留 demo/agent/local 配置，不能代表生产部署口径,本地与生产配置语义分离,P2,local/dev only
config,src/main/resources/application-prod.yml,生产环境配置,部分完成,生产 AI/provider、真实部署口径和 154/124 发布链仍需继续校准,线上配置、密钥、部署验证,P1,prod profile
config,src/main/resources/application.yml,公共基础配置,已完成待联调,仍需结合 prod/local 配置完成最终部署校验,部署环境差异验证,P3,base config
config,src/main/resources/db/migration/V10__finance_and_inventory_foundation.sql,数据库迁移脚本,已完成,迁移本身已落地；后续仅在新增域或修复 schema 漂移时扩展,无当前功能阻塞,P3,历史迁移
config,src/main/resources/db/migration/V11__bill_domain_enhancement.sql,数据库迁移脚本,已完成,迁移本身已落地；后续仅在新增域或修复 schema 漂移时扩展,无当前功能阻塞,P3,历史迁移
config,src/main/resources/db/migration/V12__sync_and_import_owner_upgrade.sql,数据库迁移脚本,已完成,迁移本身已落地；后续仅在新增域或修复 schema 漂移时扩展,无当前功能阻塞,P3,历史迁移
config,src/main/resources/db/migration/V13__media_and_agent_expansion.sql,数据库迁移脚本,已完成,迁移本身已落地；后续仅在新增域或修复 schema 漂移时扩展,无当前功能阻塞,P3,历史迁移
config,src/main/resources/db/migration/V14__b07_cascade_and_constraints.sql,数据库迁移脚本,已完成,迁移本身已落地；后续仅在新增域或修复 schema 漂移时扩展,无当前功能阻塞,P3,历史迁移
config,src/main/resources/db/migration/V15__agent_run_audits.sql,数据库迁移脚本,已完成,迁移本身已落地；后续仅在新增域或修复 schema 漂移时扩展,无当前功能阻塞,P3,历史迁移
config,src/main/resources/db/migration/V16__agent_message_structured_data_text.sql,数据库迁移脚本,已完成,迁移本身已落地；后续仅在新增域或修复 schema 漂移时扩展,无当前功能阻塞,P3,历史迁移
config,src/main/resources/db/migration/V17__agent_run_audit_loss_metrics.sql,数据库迁移脚本,已完成,迁移本身已落地；后续仅在新增域或修复 schema 漂移时扩展,无当前功能阻塞,P3,历史迁移
config,src/main/resources/db/migration/V1__init.sql,数据库迁移脚本,已完成,迁移本身已落地；后续仅在新增域或修复 schema 漂移时扩展,无当前功能阻塞,P3,历史迁移
config,src/main/resources/db/migration/V2__suppliers_and_pay_orders.sql,数据库迁移脚本,已完成,迁移本身已落地；后续仅在新增域或修复 schema 漂移时扩展,无当前功能阻塞,P3,历史迁移
config,src/main/resources/db/migration/V3__finance_records.sql,数据库迁移脚本,已完成,迁移本身已落地；后续仅在新增域或修复 schema 漂移时扩展,无当前功能阻塞,P3,历史迁移
config,src/main/resources/db/migration/V4__agent_tasks_and_notifications.sql,数据库迁移脚本,已完成,迁移本身已落地；后续仅在新增域或修复 schema 漂移时扩展,无当前功能阻塞,P3,历史迁移
config,src/main/resources/db/migration/V5__add_indexes.sql,数据库迁移脚本,已完成,迁移本身已落地；后续仅在新增域或修复 schema 漂移时扩展,无当前功能阻塞,P3,历史迁移
config,src/main/resources/db/migration/V6__add_foreign_keys.sql,数据库迁移脚本,已完成,迁移本身已落地；后续仅在新增域或修复 schema 漂移时扩展,无当前功能阻塞,P3,历史迁移
config,src/main/resources/db/migration/V7__owner_scope_foundation.sql,数据库迁移脚本,已完成,迁移本身已落地；后续仅在新增域或修复 schema 漂移时扩展,无当前功能阻塞,P3,历史迁移
config,src/main/resources/db/migration/V8__product_and_partner_expansion.sql,数据库迁移脚本,已完成,迁移本身已落地；后续仅在新增域或修复 schema 漂移时扩展,无当前功能阻塞,P3,历史迁移
config,src/main/resources/db/migration/V9__product_price_levels_and_supplier_relations.sql,数据库迁移脚本,已完成,迁移本身已落地；后续仅在新增域或修复 schema 漂移时扩展,无当前功能阻塞,P3,历史迁移
web,src/main/resources/static/admin-console/app.js,本地静态管理台资源,部分完成,仅适合本地/admin 演示辅助，不是最终正式 Web 管理端,真实 Web 管理端与 store/member 体系未完全收口,P2,static admin console
web,src/main/resources/static/admin-console/index.html,本地静态管理台资源,部分完成,仅适合本地/admin 演示辅助，不是最终正式 Web 管理端,真实 Web 管理端与 store/member 体系未完全收口,P2,static admin console
web,src/main/resources/static/admin-console/styles.css,本地静态管理台资源,部分完成,仅适合本地/admin 演示辅助，不是最终正式 Web 管理端,真实 Web 管理端与 store/member 体系未完全收口,P2,static admin console
tools,tools/admin_console_browser_check.mjs,功能辅助脚本,文档/脚本支撑,脚本能力需跟随真实环境、部署链和验收口径继续使用/校准,依赖真实运行环境或验收对象,P2,当前用于验收/证据/导入/巡检支撑
tools,tools/admin_console_smoke.ps1,功能辅助脚本,文档/脚本支撑,脚本能力需跟随真实环境、部署链和验收口径继续使用/校准,依赖真实运行环境或验收对象,P2,当前用于验收/证据/导入/巡检支撑
tools,tools/ai_agent_combined_evidence_gate.py,功能辅助脚本,文档/脚本支撑,脚本已具备，但仍待真实 AI/设备/后端环境产出有效证据,依赖真实 AI 环境与设备证据,P1,当前用于验收/证据/导入/巡检支撑
tools,tools/ai_agent_evidence_capture.sh,AI 证据采集脚本,文档/脚本支撑,脚本本身已可用，但依赖真实环境补全 AI 端到端证据,真实账号、后端、设备环境,P1,AI 证据工具
tools,tools/ai_agent_forbidden_scan.py,功能辅助脚本,文档/脚本支撑,脚本已具备，但仍待真实 AI/设备/后端环境产出有效证据,依赖真实 AI 环境与设备证据,P1,当前用于验收/证据/导入/巡检支撑
tools,tools/ai_agent_performance_evidence.py,功能辅助脚本,文档/脚本支撑,脚本已具备，但仍待真实 AI/设备/后端环境产出有效证据,依赖真实 AI 环境与设备证据,P1,当前用于验收/证据/导入/巡检支撑
tools,tools/b11_acceptance_check.sh,B11 验收检查脚本,文档/脚本支撑,脚本可复核本地证据，但不能替代真机/部署/发布现场验收,真实环境验收缺失,P2,验收辅助脚本
tools,tools/capture_ai_chat_device_evidence.py,AI 聊天真机证据采集脚本,文档/脚本支撑,脚本门禁已完善，但仍需在真实解锁设备上采集有效证据,Android 真机环境,P1,设备证据工具
tools,tools/capture_ai_home_device_evidence.py,AI 首页真机证据采集脚本,文档/脚本支撑,首页干净入口脚本已具备，但真机通过证据仍未完成,Android 真机环境,P1,首页证据工具
tools,tools/migrate_kingdee_zhihuiji.py,功能辅助脚本,文档/脚本支撑,脚本能力需跟随真实环境、部署链和验收口径继续使用/校准,依赖真实运行环境或验收对象,P2,当前用于验收/证据/导入/巡检支撑
tools,tools/nonfunctional_probe.py,功能辅助脚本,文档/脚本支撑,脚本能力需跟随真实环境、部署链和验收口径继续使用/校准,依赖真实运行环境或验收对象,P2,当前用于验收/证据/导入/巡检支撑
tools,tools/report_performance_evidence.py,功能辅助脚本,文档/脚本支撑,脚本能力需跟随真实环境、部署链和验收口径继续使用/校准,依赖真实运行环境或验收对象,P2,当前用于验收/证据/导入/巡检支撑
web,web/index.html,静态页面入口,已完成待联调,基础前端文件已具备，剩余工作主要是联调和体验收口,联调与部署验收,P3,Web 承载文件
web,web/package.json,项目配置,已完成待联调,基础前端文件已具备，剩余工作主要是联调和体验收口,联调与部署验收,P3,Web 承载文件
web,web/src/App.vue,Web 组件,已完成待联调,基础前端文件已具备，剩余工作主要是联调和体验收口,联调与部署验收,P3,Web 承载文件
web,web/src/app/layouts/AppLayout.vue,Web 布局,已完成待联调,基础前端文件已具备，剩余工作主要是联调和体验收口,联调与部署验收,P3,Web 承载文件
web,web/src/app/router/routes.ts,Web 路由总表,已完成待联调,主路由已齐，但仍有入口回落到骨架页，需继续专页化收口,部分页面仍解析到通用骨架,P1,resolveScreenComponent 仍有 fallback
web,web/src/app/router/stitch-screens.ts,Web Stitch 页面清单与规划映射,部分完成,仍保留多条 planned PC 页面，说明部分页面还是规划态而非最终实现,PC 最终专页尚未全部落地,P1,plannedPcScreen 仍存在
web,web/src/app/stores/session.ts,Web 登录态与权限状态管理,部分完成,当前真实权限仍围绕 owner_user_id 与 demo/member 规划，不是最终 store/member 模型,后端成员接口缺失,P0,权限状态仍带规划层
web,web/src/entities/auth/roles.ts,Web TypeScript 模块,已完成待联调,基础前端文件已具备，剩余工作主要是联调和体验收口,联调与部署验收,P3,Web 承载文件
web,web/src/entities/screen/live-screen-data.ts,Web TypeScript 模块,已完成待联调,基础前端文件已具备，剩余工作主要是联调和体验收口,联调与部署验收,P3,Web 承载文件
web,web/src/entities/screen/page-models.ts,Web TypeScript 模块,已完成待联调,基础前端文件已具备，剩余工作主要是联调和体验收口,联调与部署验收,P3,Web 承载文件
web,web/src/main.ts,Web TypeScript 模块,已完成待联调,基础前端文件已具备，剩余工作主要是联调和体验收口,联调与部署验收,P3,Web 承载文件
web,web/src/pages/ForbiddenPage.vue,Web 页面,已完成待联调,页面主链已具备，仍需真实后端、部署与设计验收,真实 API / 部署 / 设计验收,P2,Web 页面文件
web,web/src/pages/StitchScreenPage.vue,Web 通用骨架/规划页,仅骨架/规划态,仍承接未专页化入口，不能作为最终业务页,尚有 PC 页面未专页化,P1,通用工作台骨架
web,web/src/pages/agent/AgentPage.vue,Web AI 助手页面,部分完成,真实会话/SSE 已接，但真实端到端证据、草稿执行闭环、取消验收仍未完成,AI 后端与前端联调、生产证据,P1,真实 SSE 页面
web,web/src/pages/archives/PartnerArchivePage.vue,Web 页面,已完成待联调,页面主链已具备，仍需真实后端、部署与设计验收,真实 API / 部署 / 设计验收,P2,Web 页面文件
web,web/src/pages/archives/ProductArchivePage.vue,Web 页面,已完成待联调,页面主链已具备，仍需真实后端、部署与设计验收,真实 API / 部署 / 设计验收,P2,Web 页面文件
web,web/src/pages/archives/ProductEditPage.vue,Web 商品编辑页面,已完成待联调,核心字段已接齐，但多价格级、供应商关系、图片上传仍待下一轮,媒体接口与更厚商品合同,P2,先覆盖核心字段
web,web/src/pages/auth/LoginPage.vue,Web 页面,已完成待联调,页面主链已具备，仍需真实后端、部署与设计验收,真实 API / 部署 / 设计验收,P2,Web 页面文件
web,web/src/pages/dashboard/DashboardPage.vue,Web 页面,已完成待联调,页面主链已具备，仍需真实后端、部署与设计验收,真实 API / 部署 / 设计验收,P2,Web 页面文件
web,web/src/pages/documents/PurchaseOrderDetailPage.vue,Web 页面,已完成待联调,页面主链已具备，仍需真实后端、部署与设计验收,真实 API / 部署 / 设计验收,P2,Web 页面文件
web,web/src/pages/documents/PurchaseOrderEditPage.vue,Web 页面,已完成待联调,页面主链已具备，仍需真实后端、部署与设计验收,真实 API / 部署 / 设计验收,P2,Web 页面文件
web,web/src/pages/documents/PurchaseOrderListPage.vue,Web 页面,已完成待联调,页面主链已具备，仍需真实后端、部署与设计验收,真实 API / 部署 / 设计验收,P2,Web 页面文件
web,web/src/pages/documents/PurchaseReceiptPage.vue,Web 页面,已完成待联调,页面主链已具备，仍需真实后端、部署与设计验收,真实 API / 部署 / 设计验收,P2,Web 页面文件
web,web/src/pages/documents/PurchaseReturnPage.vue,Web 采购退货页面,部分完成,页面已专页化，但退货提交、退款链路、可退数量校验仍缺后端支持,后端未提供采购退货合同,P0,提交按钮仍受限
web,web/src/pages/documents/SalesOrderDetailPage.vue,Web 页面,已完成待联调,页面主链已具备，仍需真实后端、部署与设计验收,真实 API / 部署 / 设计验收,P2,Web 页面文件
web,web/src/pages/documents/SalesOrderEditPage.vue,Web 页面,已完成待联调,页面主链已具备，仍需真实后端、部署与设计验收,真实 API / 部署 / 设计验收,P2,Web 页面文件
web,web/src/pages/documents/SalesOrderListPage.vue,Web 页面,已完成待联调,页面主链已具备，仍需真实后端、部署与设计验收,真实 API / 部署 / 设计验收,P2,Web 页面文件
web,web/src/pages/documents/SalesPaymentPage.vue,Web 页面,已完成待联调,页面主链已具备，仍需真实后端、部署与设计验收,真实 API / 部署 / 设计验收,P2,Web 页面文件
web,web/src/pages/documents/SalesReturnPage.vue,Web 页面,已完成待联调,页面主链已具备，仍需真实后端、部署与设计验收,真实 API / 部署 / 设计验收,P2,Web 页面文件
web,web/src/pages/finance/DailyExpensePage.vue,Web 日常支出页面,已完成待联调,真实支出写入已具备，但附件、票据图片、自定义发生日期仍未接齐,媒体接口与财务合同扩展,P2,先完成主写链
web,web/src/pages/finance/FinanceRecordPage.vue,Web 页面,已完成待联调,页面主链已具备，仍需真实后端、部署与设计验收,真实 API / 部署 / 设计验收,P2,Web 页面文件
web,web/src/pages/finance/PayOrderDetailPage.vue,Web 页面,已完成待联调,页面主链已具备，仍需真实后端、部署与设计验收,真实 API / 部署 / 设计验收,P2,Web 页面文件
web,web/src/pages/inventory/InventoryAdjustPage.vue,Web 页面,已完成待联调,页面主链已具备，仍需真实后端、部署与设计验收,真实 API / 部署 / 设计验收,P2,Web 页面文件
web,web/src/pages/inventory/InventorySnapshotPage.vue,Web 页面,已完成待联调,页面主链已具备，仍需真实后端、部署与设计验收,真实 API / 部署 / 设计验收,P2,Web 页面文件
web,web/src/pages/inventory/ProductLedgerPage.vue,Web 页面,已完成待联调,页面主链已具备，仍需真实后端、部署与设计验收,真实 API / 部署 / 设计验收,P2,Web 页面文件
web,web/src/pages/reports/ReportsPage.vue,Web 经营报表页面,已完成待联调,真实报表主链已接，但仍待真实趋势口径、设计稿收口与部署验收,报表接口真实性与 UI 验收,P1,原生 SVG 报表
web,web/src/pages/settings/DatabasePage.vue,Web 数据库管理页面,部分完成,健康检查与导入任务已接，但连接测试、备份恢复、执行编排仍不完整,后端数据库管理合同不完整,P1,owner 级数据库控制台
web,web/src/pages/settings/RoleAccessPage.vue,Web 店员与权限页面,部分完成,当前真实能力仅到 `/v1/admin/users` 账号管理，未落到 store/member 级 RBAC,后端未提供真实门店成员与角色绑定接口,P0,owner_user_id + 前端规划态
web,web/src/shared/api/agent-stream.ts,Web API 客户端/契约,已完成待联调,基础路由/状态/API 能力存在，但仍需跟随真实后端与剩余页面收口,接口缺口与页面收口,P2,Web 基础层
web,web/src/shared/api/client.ts,Web API 客户端与类型汇总,已完成待联调,多数主链已接，但会受后端缺口影响；RBAC/采购退货/媒体等仍受限,后端接口未齐或待验收,P1,接口聚合点
web,web/src/shared/api/contracts.ts,Web 接口契约目录,部分完成,已记录未来 RBAC/store 接口，但和现有后端实现仍有缺口,契约先于实现；需补真实 store/member API,P0,含未落地 RBAC 契约
web,web/src/shared/utils/business.ts,Web 业务工具,已完成待联调,基础前端文件已具备，剩余工作主要是联调和体验收口,联调与部署验收,P3,Web 承载文件
web,web/src/shared/utils/id.ts,Web 业务工具,已完成待联调,基础前端文件已具备，剩余工作主要是联调和体验收口,联调与部署验收,P3,Web 承载文件
web,web/src/style.css,静态样式,已完成待联调,基础前端文件已具备，剩余工作主要是联调和体验收口,联调与部署验收,P3,Web 承载文件
web,web/tsconfig.app.json,项目配置,已完成待联调,基础前端文件已具备，剩余工作主要是联调和体验收口,联调与部署验收,P3,Web 承载文件
web,web/tsconfig.json,项目配置,已完成待联调,基础前端文件已具备，剩余工作主要是联调和体验收口,联调与部署验收,P3,Web 承载文件
web,web/tsconfig.node.json,项目配置,已完成待联调,基础前端文件已具备，剩余工作主要是联调和体验收口,联调与部署验收,P3,Web 承载文件
web,web/vite.config.ts,Web TypeScript 模块,已完成待联调,基础前端文件已具备，剩余工作主要是联调和体验收口,联调与部署验收,P3,Web 承载文件
